Rk,Player,Age,Team,Pos,G,GS,MP,FG,FGA,FG%,3P,3PA,3P%,2P,2PA,2P%,eFG%,FT,FTA,FT%,ORB,DRB,TRB,AST,STL,BLK,TOV,PF,PTS,Trp-Dbl,Awards,snapshot_date
1,Shai Gilgeous-Alexander,27,OKC,PG,45,45,1504,495,886,0.559,84,213,0.394,411,673,0.611,0.606,371,416,0.892,22,174,196,280,59,37,88,91,1445,0,NA,2026-01-27
2,Donovan Mitchell,29,CLE,SG,44,44,1504,450,927,0.485,167,434,0.385,283,493,0.574,0.576,230,274,0.839,37,173,210,254,65,10,136,108,1297,0,NA,2026-01-27
3,Jaylen Brown,29,BOS,SF,43,43,1484,467,966,0.483,93,257,0.362,374,709,0.528,0.532,245,315,0.778,54,238,292,211,46,17,155,123,1272,2,NA,2026-01-27
4,Tyrese Maxey,25,PHI,PG,43,43,1684,446,950,0.469,147,378,0.389,299,572,0.523,0.547,224,254,0.882,13,168,181,292,88,40,108,90,1263,0,NA,2026-01-27
5,Luka Dončić,26,LAL,PG,37,37,1350,391,831,0.471,131,382,0.343,260,449,0.579,0.549,336,427,0.787,31,257,288,326,57,19,159,98,1249,5,NA,2026-01-27
6,Jalen Brunson,29,NYK,PG,40,40,1378,400,838,0.477,119,310,0.384,281,528,0.532,0.548,199,235,0.847,21,108,129,244,26,3,91,98,1118,0,NA,2026-01-27
7,Kevin Durant,37,HOU,SF,42,42,1548,390,759,0.514,99,243,0.407,291,516,0.564,0.579,231,262,0.882,20,212,232,189,30,40,129,89,1110,0,NA,2026-01-27
8,Anthony Edwards,24,MIN,SG,37,37,1300,381,764,0.499,129,315,0.41,252,449,0.561,0.583,207,261,0.793,24,169,193,135,46,30,102,71,1098,0,NA,2026-01-27
9,Deni Avdija,25,POR,SF,42,42,1464,333,707,0.471,96,270,0.356,237,437,0.542,0.539,331,410,0.807,44,254,298,288,35,25,162,115,1093,3,NA,2026-01-27
10,Keyonte George,22,UTA,PG,45,45,1550,342,751,0.455,116,311,0.373,226,440,0.514,0.533,291,322,0.904,21,155,176,298,49,13,152,106,1091,0,NA,2026-01-27
11,James Harden,36,LAC,PG,42,42,1495,310,740,0.419,128,371,0.345,182,369,0.493,0.505,329,365,0.901,25,179,204,339,53,15,156,80,1077,2,NA,2026-01-27
12,Pascal Siakam,31,IND,PF,45,45,1527,401,835,0.48,84,222,0.378,317,613,0.517,0.531,186,272,0.684,73,241,314,180,50,21,97,114,1072,0,NA,2026-01-27
13,Jamal Murray,28,DEN,PG,41,41,1453,380,775,0.49,138,308,0.448,242,467,0.518,0.579,166,186,0.892,18,160,178,300,42,14,97,65,1064,0,NA,2026-01-27
14,Julius Randle,31,MIN,PF,47,47,1571,361,737,0.49,73,222,0.329,288,515,0.559,0.539,249,306,0.814,75,252,327,253,53,10,123,128,1044,2,NA,2026-01-27
15,Devin Booker,29,PHO,SG,41,41,1394,344,754,0.456,70,224,0.313,274,530,0.517,0.503,285,330,0.864,34,131,165,255,37,12,136,108,1043,0,NA,2026-01-27
16,Stephen Curry,37,GSW,PG,37,37,1168,334,714,0.468,167,428,0.39,167,286,0.584,0.585,176,189,0.931,16,120,136,185,42,15,102,73,1011,0,NA,2026-01-27
17,Jalen Johnson,24,ATL,SF,44,44,1566,376,744,0.505,71,203,0.35,305,541,0.564,0.553,188,240,0.783,67,391,458,349,56,22,154,88,1011,7,NA,2026-01-27
18,Brandon Ingram,28,TOR,SF,46,46,1567,368,789,0.466,81,227,0.357,287,562,0.511,0.518,174,209,0.833,40,233,273,174,36,36,122,88,991,0,NA,2026-01-27
19,Trey Murphy III,25,NOP,SF,44,44,1573,342,700,0.489,136,360,0.378,206,340,0.606,0.586,155,172,0.901,48,215,263,162,68,12,84,94,975,0,NA,2026-01-27
20,Cade Cunningham,24,DET,PG,38,38,1345,337,740,0.455,73,223,0.327,264,517,0.511,0.505,218,266,0.82,39,181,220,370,57,32,149,126,965,3,NA,2026-01-27
21,Nikola Jokić,30,DEN,C,32,32,1106,339,560,0.605,67,154,0.435,272,406,0.67,0.665,203,238,0.853,97,292,389,351,44,25,113,89,948,16,NA,2026-01-27
22,Norman Powell,32,MIA,SG,41,41,1260,316,668,0.473,118,300,0.393,198,368,0.538,0.561,196,233,0.841,15,140,155,110,48,9,78,88,946,0,NA,2026-01-27
23,Nickeil Alexander-Walker,27,ATL,SG,46,39,1516,317,719,0.441,143,374,0.382,174,345,0.504,0.54,157,179,0.877,27,135,162,160,52,29,95,96,934,0,NA,2026-01-27
24,Shaedon Sharpe,22,POR,SG,43,37,1299,349,772,0.452,88,263,0.335,261,509,0.513,0.509,141,181,0.779,48,152,200,115,65,5,132,89,927,0,NA,2026-01-27
25,Lauri Markkanen,28,UTA,PF,33,33,1187,314,650,0.483,96,263,0.365,218,387,0.563,0.557,198,224,0.884,66,171,237,71,34,16,52,65,922,0,NA,2026-01-27
26,Scottie Barnes,24,TOR,PF,47,47,1623,357,714,0.5,46,148,0.311,311,566,0.549,0.532,156,188,0.83,102,288,390,262,62,69,124,135,916,2,NA,2026-01-27
27,Kawhi Leonard,34,LAC,SF,32,32,1064,310,623,0.498,92,232,0.397,218,391,0.558,0.571,187,199,0.94,29,169,198,110,69,20,67,43,899,0,NA,2026-01-27
28,Michael Porter Jr.,27,BRK,SF,36,36,1184,317,664,0.477,132,339,0.389,185,325,0.569,0.577,132,155,0.852,46,215,261,116,35,8,90,74,898,0,NA,2026-01-27
29,DeMar DeRozan,36,SAC,PF,47,47,1559,315,623,0.506,34,97,0.351,281,526,0.534,0.533,220,253,0.87,24,127,151,185,63,11,54,100,884,0,NA,2026-01-27
30,Karl-Anthony Towns,30,NYK,C,42,42,1329,280,597,0.469,71,195,0.364,209,402,0.52,0.528,232,271,0.856,122,357,479,122,38,28,110,155,863,0,NA,2026-01-27
31,Kon Knueppel,20,CHO,SF,46,45,1469,300,622,0.482,151,358,0.422,149,264,0.564,0.604,111,124,0.895,56,198,254,164,33,10,102,104,862,0,NA,2026-01-27
32,Miles Bridges,27,CHO,PF,46,46,1492,303,679,0.446,102,305,0.334,201,374,0.537,0.521,145,174,0.833,47,235,282,160,22,24,65,85,853,0,NA,2026-01-27
33,Desmond Bane,27,ORL,SG,45,45,1532,310,686,0.452,77,225,0.342,233,461,0.505,0.508,155,166,0.934,62,141,203,196,37,24,98,136,852,0,NA,2026-01-27
34,Giannis Antetokounmpo,31,MIL,PF,30,30,876,314,487,0.645,15,38,0.395,299,449,0.666,0.66,196,298,0.658,84,217,301,168,27,22,100,78,839,0,NA,2026-01-27
35,Dillon Brooks,30,PHO,SF,40,40,1239,299,685,0.436,97,281,0.345,202,404,0.5,0.507,120,140,0.857,27,114,141,68,43,6,74,135,815,0,NA,2026-01-27
36,Cooper Flagg,19,DAL,SF,43,43,1455,309,653,0.473,42,150,0.28,267,503,0.531,0.505,147,185,0.795,50,225,275,178,55,32,95,99,807,0,NA,2026-01-27
37,CJ McCollum,34,2TM,PG,43,36,1297,295,650,0.454,111,289,0.384,184,361,0.51,0.539,101,131,0.771,28,122,150,157,31,15,71,88,802,0,NA,2026-01-27
37,CJ McCollum,34,WAS,SG,35,35,1082,240,529,0.454,96,244,0.393,144,285,0.505,0.544,82,102,0.804,23,101,124,126,24,9,58,73,658,0,NA,2026-01-27
37,CJ McCollum,34,ATL,PG,8,1,215,55,121,0.455,15,45,0.333,40,76,0.526,0.517,19,29,0.655,5,21,26,31,7,6,13,15,144,0,NA,2026-01-27
38,Amen Thompson,23,HOU,PG,44,44,1647,308,604,0.51,16,83,0.193,292,521,0.56,0.523,167,209,0.799,126,214,340,239,60,24,111,101,799,0,NA,2026-01-27
39,Alperen Şengün,23,HOU,C,37,37,1266,311,600,0.518,23,78,0.295,288,522,0.552,0.538,152,219,0.694,105,227,332,236,55,36,125,121,797,1,NA,2026-01-27
40,Jaren Jackson Jr.,26,MEM,C,42,42,1285,294,614,0.479,70,195,0.359,224,419,0.535,0.536,134,172,0.779,37,203,240,78,39,65,95,160,792,0,NA,2026-01-27
41,Victor Wembanyama,22,SAS,C,32,23,925,268,530,0.506,60,159,0.377,208,371,0.561,0.562,178,214,0.832,62,292,354,89,26,85,87,89,774,1,NA,2026-01-27
42,Derrick White,31,BOS,SG,44,44,1505,266,681,0.391,128,396,0.323,138,285,0.484,0.485,113,127,0.89,46,157,203,236,56,64,85,77,773,0,NA,2026-01-27
43,Immanuel Quickley,26,TOR,PG,45,45,1465,266,604,0.44,117,318,0.368,149,286,0.521,0.537,121,149,0.812,25,173,198,278,55,5,75,90,770,0,NA,2026-01-27
44,Jimmy Butler,36,GSW,SF,38,38,1182,240,462,0.519,32,85,0.376,208,377,0.552,0.554,248,287,0.864,88,123,211,185,55,8,60,46,760,0,NA,2026-01-27
45,Nikola Vučević,35,CHI,C,45,45,1391,312,613,0.509,78,206,0.379,234,407,0.575,0.573,56,68,0.824,94,316,410,173,30,29,63,88,758,0,NA,2026-01-27
46,Paolo Banchero,23,ORL,PF,35,35,1193,254,551,0.461,39,134,0.291,215,417,0.516,0.496,209,275,0.76,39,264,303,171,23,22,100,73,756,2,NA,2026-01-27
47,Payton Pritchard,28,BOS,PG,45,45,1477,283,627,0.451,115,331,0.347,168,296,0.568,0.543,75,88,0.852,44,153,197,240,36,5,50,67,756,0,NA,2026-01-27
48,Evan Mobley,24,CLE,PF,42,40,1402,291,568,0.512,48,158,0.304,243,410,0.593,0.555,122,192,0.635,97,271,368,170,38,82,88,106,752,0,NA,2026-01-27
49,De'Aaron Fox,28,SAS,PG,37,37,1205,275,574,0.479,80,222,0.36,195,352,0.554,0.549,119,152,0.783,25,127,152,221,46,10,92,87,749,0,NA,2026-01-27
50,Onyeka Okongwu,25,ATL,C,46,35,1475,279,579,0.482,92,250,0.368,187,329,0.568,0.561,97,124,0.782,88,277,365,154,54,44,91,162,747,0,NA,2026-01-27
51,Chet Holmgren,23,OKC,PF,41,41,1197,275,482,0.571,56,149,0.376,219,333,0.658,0.629,125,163,0.767,72,280,352,65,23,80,69,109,731,0,NA,2026-01-27
52,Russell Westbrook,37,SAC,SF,47,41,1390,266,611,0.435,96,271,0.354,170,340,0.5,0.514,97,138,0.703,67,215,282,316,66,8,158,119,725,4,NA,2026-01-27
53,Ryan Rollins,23,MIL,PG,44,39,1390,271,591,0.459,100,255,0.392,171,336,0.509,0.543,68,89,0.764,37,160,197,238,68,18,100,125,710,0,NA,2026-01-27
54,LaMelo Ball,24,CHO,PG,37,34,1008,249,614,0.406,122,338,0.361,127,276,0.46,0.505,86,97,0.887,34,147,181,283,43,9,117,98,706,1,NA,2026-01-27
55,Zion Williamson,25,NOP,PF,32,25,930,263,454,0.579,0,3,0,263,451,0.583,0.579,179,257,0.696,72,120,192,110,36,19,73,72,705,0,NA,2026-01-27
56,Mikal Bridges,29,NYK,SF,45,45,1555,282,570,0.495,100,257,0.389,182,313,0.581,0.582,39,49,0.796,51,149,200,187,70,39,47,86,703,0,NA,2026-01-27
57,Anthony Black,22,ORL,PG,45,25,1389,254,553,0.459,74,211,0.351,180,342,0.526,0.526,120,166,0.723,33,150,183,182,59,30,107,124,702,0,NA,2026-01-27
58,Bam Adebayo,28,MIA,C,39,39,1208,251,562,0.447,62,176,0.352,189,386,0.49,0.502,135,170,0.794,82,295,377,107,38,30,70,67,699,0,NA,2026-01-27
59,Matas Buzelis,21,CHI,PF,46,46,1281,245,515,0.476,87,243,0.358,158,272,0.581,0.56,104,134,0.776,50,190,240,92,32,63,78,115,681,0,NA,2026-01-27
60,Andrew Wiggins,30,MIA,SF,43,43,1345,261,555,0.47,80,205,0.39,181,350,0.517,0.542,75,95,0.789,80,137,217,124,50,41,73,102,677,0,NA,2026-01-27
61,Naji Marshall,28,DAL,SF,46,23,1343,247,453,0.545,41,134,0.306,206,319,0.646,0.591,140,178,0.787,40,184,224,138,49,4,64,92,675,0,NA,2026-01-27
62,Naz Reid,26,MIN,C,47,2,1232,252,535,0.471,114,292,0.39,138,243,0.568,0.578,54,71,0.761,53,243,296,115,44,42,75,117,672,0,NA,2026-01-27
63,Jaden McDaniels,25,MIN,PF,45,45,1444,251,494,0.508,63,149,0.423,188,345,0.545,0.572,100,118,0.847,51,151,202,129,48,44,81,150,665,0,NA,2026-01-27
64,Zach LaVine,30,SAC,SG,34,33,1096,234,481,0.486,91,228,0.399,143,253,0.565,0.581,103,119,0.866,6,88,94,79,23,9,67,73,662,0,NA,2026-01-27
65,Jalen Duren,22,DET,C,37,37,1042,259,410,0.632,0,0,NA,259,410,0.632,0.632,142,196,0.724,143,250,393,64,34,33,77,111,660,0,NA,2026-01-27
66,Jeremiah Fears,19,NOP,PG,48,44,1254,250,575,0.435,49,154,0.318,201,421,0.477,0.477,110,136,0.809,35,142,177,147,57,12,109,83,659,0,NA,2026-01-27
67,Saddiq Bey,26,NOP,SF,41,33,1228,225,499,0.451,71,210,0.338,154,289,0.533,0.522,132,160,0.825,68,164,232,94,38,2,25,45,653,0,NA,2026-01-27
68,Jabari Smith Jr.,22,HOU,PF,43,43,1503,235,546,0.43,94,272,0.346,141,274,0.515,0.516,86,115,0.748,67,230,297,80,33,36,56,117,650,0,NA,2026-01-27
69,Jaime Jaquez Jr.,24,MIA,SF,42,1,1214,260,501,0.519,20,73,0.274,240,428,0.561,0.539,103,138,0.746,56,165,221,198,33,9,94,83,643,0,NA,2026-01-27
70,Andrew Nembhard,26,IND,PG,37,37,1184,226,505,0.448,67,186,0.36,159,319,0.498,0.514,123,152,0.809,17,88,105,274,33,6,89,81,642,0,NA,2026-01-27
71,Anfernee Simons,26,BOS,SG,46,0,1132,229,527,0.435,120,305,0.393,109,222,0.491,0.548,61,69,0.884,23,89,112,113,26,6,53,77,639,0,NA,2026-01-27
72,VJ Edgecombe,20,PHI,SG,41,41,1464,234,549,0.426,86,236,0.364,148,313,0.473,0.505,79,102,0.775,68,150,218,168,62,20,77,135,633,0,NA,2026-01-27
73,Donte DiVincenzo,29,MIN,SG,47,47,1499,212,512,0.414,148,389,0.38,64,123,0.52,0.559,58,75,0.773,49,167,216,199,62,24,71,116,630,0,NA,2026-01-27
74,Joel Embiid,31,PHI,C,25,25,764,211,434,0.486,28,100,0.28,183,334,0.548,0.518,177,207,0.855,53,133,186,91,15,28,77,51,627,1,NA,2026-01-27
75,LeBron James,41,LAL,SF,28,28,935,233,460,0.507,43,131,0.328,190,329,0.578,0.553,117,157,0.745,20,148,168,188,30,18,78,41,626,0,NA,2026-01-27
76,Peyton Watson,23,DEN,SF,43,33,1287,223,439,0.508,64,152,0.421,159,287,0.554,0.581,112,151,0.742,40,178,218,80,46,48,72,108,622,0,NA,2026-01-27
77,Josh Giddey,23,CHI,PG,33,30,1061,214,462,0.463,59,158,0.373,155,304,0.51,0.527,134,174,0.77,39,249,288,292,30,11,117,54,621,7,NA,2026-01-27
78,Keldon Johnson,26,SAS,SF,46,0,1107,234,422,0.555,57,143,0.399,177,279,0.634,0.622,95,122,0.779,85,188,273,61,33,6,42,92,620,0,NA,2026-01-27
79,Tim Hardaway Jr.,33,DEN,SG,45,5,1223,202,456,0.443,124,316,0.392,78,140,0.557,0.579,90,100,0.9,8,99,107,62,22,7,22,55,618,0,NA,2026-01-27
80,Toumani Camara,25,POR,PF,47,47,1594,218,505,0.432,119,337,0.353,99,168,0.589,0.55,62,86,0.721,82,160,242,124,48,22,94,151,617,0,NA,2026-01-27
81,Collin Gillespie,26,PHO,PG,46,27,1303,216,489,0.442,134,315,0.425,82,174,0.471,0.579,50,59,0.847,47,143,190,217,64,12,79,70,616,0,NA,2026-01-27
82,Stephon Castle,21,SAS,PG,37,37,1146,204,456,0.447,40,144,0.278,164,312,0.526,0.491,166,230,0.722,43,142,185,259,47,10,129,127,614,1,NA,2026-01-27
83,Austin Reaves,27,LAL,SG,23,22,812,189,373,0.507,62,170,0.365,127,203,0.626,0.59,172,197,0.873,16,104,120,144,22,5,75,52,612,0,NA,2026-01-27
84,Brandon Miller,23,CHO,SF,30,30,901,213,492,0.433,88,237,0.371,125,255,0.49,0.522,97,113,0.858,31,105,136,104,31,27,79,81,611,0,NA,2026-01-27
85,Alex Sarr,20,WAS,C,35,35,992,245,485,0.505,33,96,0.344,212,389,0.545,0.539,85,120,0.708,75,182,257,96,27,73,61,70,608,0,NA,2026-01-27
86,Ajay Mitchell,23,OKC,SG,43,9,1129,222,456,0.487,48,137,0.35,174,319,0.545,0.539,114,131,0.87,29,120,149,157,61,14,68,93,606,0,NA,2026-01-27
87,Jerami Grant,31,POR,PF,31,14,910,176,407,0.432,71,188,0.378,105,219,0.479,0.52,173,206,0.84,31,83,114,79,22,22,65,87,596,0,NA,2026-01-27
88,Santi Aldama,25,MEM,PF,42,10,1174,224,466,0.481,68,194,0.351,156,272,0.574,0.554,74,110,0.673,66,215,281,126,36,29,54,66,590,0,NA,2026-01-27
89,Jaylon Tyson,23,CLE,SG,43,28,1201,223,435,0.513,88,189,0.466,135,246,0.549,0.614,55,72,0.764,89,150,239,97,40,20,66,121,589,0,NA,2026-01-27
90,Brandin Podziemski,22,GSW,SG,48,16,1283,210,455,0.462,83,215,0.386,127,240,0.529,0.553,82,111,0.739,30,186,216,165,55,8,68,93,585,0,NA,2026-01-27
91,Ayo Dosunmu,26,CHI,SG,40,7,1037,214,418,0.512,77,170,0.453,137,248,0.552,0.604,74,87,0.851,28,79,107,137,30,12,47,71,579,0,NA,2026-01-27
92,Bobby Portis,30,MIL,PF,44,6,1042,230,473,0.486,87,187,0.465,143,286,0.5,0.578,30,40,0.75,54,230,284,65,24,7,44,74,577,0,NA,2026-01-27
93,Franz Wagner,24,ORL,SF,26,26,854,198,411,0.482,39,106,0.368,159,305,0.521,0.529,142,172,0.826,41,118,159,93,28,9,47,59,577,0,NA,2026-01-27
94,Ivica Zubac,28,LAC,C,39,38,1210,245,405,0.605,0,0,NA,245,405,0.605,0.605,85,116,0.733,140,290,430,88,16,34,75,95,575,0,NA,2026-01-27
95,Derik Queen,21,NOP,C,47,35,1213,222,456,0.487,8,43,0.186,214,413,0.518,0.496,121,154,0.786,81,265,346,204,49,42,119,136,573,2,NA,2026-01-27
96,Quentin Grimes,25,PHI,SG,43,7,1312,183,423,0.433,83,241,0.344,100,182,0.549,0.531,122,142,0.859,27,138,165,160,43,19,85,88,571,0,NA,2026-01-27
97,Cedric Coward,22,MEM,SG,41,28,1095,206,442,0.466,64,186,0.344,142,256,0.555,0.538,93,110,0.845,61,203,264,116,23,16,69,83,569,0,NA,2026-01-27
98,Reed Sheppard,21,HOU,SG,44,4,1089,209,481,0.435,109,275,0.396,100,206,0.485,0.548,40,52,0.769,14,96,110,135,61,23,53,86,567,0,NA,2026-01-27
99,Noah Clowney,21,BRK,PF,43,37,1237,172,443,0.388,90,282,0.319,82,161,0.509,0.49,130,162,0.802,43,140,183,80,33,35,76,119,564,0,NA,2026-01-27
100,De'Andre Hunter,28,CLE,SF,41,23,1081,190,452,0.42,68,222,0.306,122,230,0.53,0.496,116,132,0.879,28,148,176,87,26,6,68,105,564,0,NA,2026-01-27
101,John Collins,28,LAC,PF,42,33,1154,217,390,0.556,58,136,0.426,159,254,0.626,0.631,69,85,0.812,55,149,204,35,38,36,57,110,561,0,NA,2026-01-27
102,Max Christie,22,DAL,SG,42,33,1234,190,393,0.483,110,242,0.455,80,151,0.53,0.623,69,80,0.863,10,136,146,92,22,14,46,61,559,0,NA,2026-01-27
103,Collin Sexton,27,CHO,SG,38,12,870,188,382,0.492,49,129,0.38,139,253,0.549,0.556,131,150,0.873,16,58,74,148,33,5,85,67,556,0,NA,2026-01-27
104,OG Anunoby,28,NYK,PF,35,35,1147,191,415,0.46,65,189,0.344,126,226,0.558,0.539,103,129,0.798,51,143,194,80,59,24,73,87,550,0,NA,2026-01-27
105,Dyson Daniels,22,ATL,SG,46,46,1571,241,479,0.503,8,67,0.119,233,412,0.566,0.511,52,84,0.619,101,205,306,286,84,21,95,101,542,1,NA,2026-01-27
106,Kyshawn George,22,WAS,SF,35,35,1091,196,433,0.453,77,199,0.387,119,234,0.509,0.542,72,93,0.774,35,169,204,177,38,30,106,144,541,0,NA,2026-01-27
107,Julian Champagnie,24,SAS,SF,46,32,1319,173,407,0.425,117,313,0.374,56,94,0.596,0.569,77,92,0.837,45,238,283,68,39,18,46,71,540,0,NA,2026-01-27
108,Deandre Ayton,27,LAL,C,40,40,1142,246,373,0.66,0,0,NA,246,373,0.66,0.66,43,68,0.632,99,244,343,32,26,38,59,93,535,0,NA,2026-01-27
109,Nic Claxton,26,BRK,C,42,41,1245,215,369,0.583,2,12,0.167,213,357,0.597,0.585,97,150,0.647,108,207,315,166,31,58,60,96,529,2,NA,2026-01-27
110,Wendell Carter Jr.,26,ORL,C,43,43,1296,185,367,0.504,51,148,0.345,134,219,0.612,0.574,102,132,0.773,98,223,321,93,30,33,55,154,523,0,NA,2026-01-27
111,Kyle Kuzma,30,MIL,PF,42,18,1102,198,402,0.493,38,121,0.314,160,281,0.569,0.54,89,122,0.73,38,157,195,92,26,21,63,92,523,0,NA,2026-01-27
112,Jaylen Wells,22,MEM,SG,44,44,1187,179,445,0.402,74,230,0.322,105,215,0.488,0.485,90,115,0.783,43,112,155,74,38,3,52,92,522,0,NA,2026-01-27
113,Myles Turner,29,MIL,C,42,42,1190,170,399,0.426,93,240,0.388,77,159,0.484,0.543,86,113,0.761,50,176,226,67,27,66,42,112,519,0,NA,2026-01-27
114,Sandro Mamukelashvili,26,TOR,C,46,11,1025,195,370,0.527,60,160,0.375,135,210,0.643,0.608,62,86,0.721,72,163,235,93,32,27,38,86,512,0,NA,2026-01-27
115,Duncan Robinson,31,DET,SF,42,42,1207,170,386,0.44,123,304,0.405,47,82,0.573,0.6,47,64,0.734,15,98,113,77,29,15,30,91,510,0,NA,2026-01-27
116,Cam Spencer,25,MEM,SG,43,12,1028,165,344,0.48,97,212,0.458,68,132,0.515,0.621,82,89,0.921,22,97,119,245,30,4,65,68,509,0,NA,2026-01-27
117,Brice Sensabaugh,22,UTA,SF,43,9,901,177,394,0.449,71,215,0.33,106,179,0.592,0.539,80,92,0.87,35,95,130,64,29,5,53,74,505,0,NA,2026-01-27
118,Klay Thompson,35,DAL,SF,43,8,945,178,457,0.389,126,332,0.38,52,125,0.416,0.527,23,33,0.697,12,95,107,62,21,15,40,43,505,0,NA,2026-01-27
119,Kel'el Ware,21,MIA,C,43,27,1023,198,367,0.54,51,123,0.415,147,244,0.602,0.609,53,65,0.815,138,282,420,24,37,48,42,69,500,0,NA,2026-01-27
120,Moses Moody,23,GSW,SG,46,35,1127,170,397,0.428,104,262,0.397,66,135,0.489,0.559,55,69,0.797,38,108,146,70,41,30,40,87,499,0,NA,2026-01-27
121,Brandon Williams,26,DAL,PG,40,11,888,176,386,0.456,19,100,0.19,157,286,0.549,0.481,126,160,0.788,22,95,117,147,43,9,79,69,497,0,NA,2026-01-27
122,Devin Vassell,25,SAS,SG,33,32,1045,173,410,0.422,87,232,0.375,86,178,0.483,0.528,60,71,0.845,15,115,130,78,30,15,31,66,493,0,NA,2026-01-27
123,Mark Williams,24,PHO,C,41,37,979,191,293,0.652,1,1,1,190,292,0.651,0.654,108,138,0.783,130,207,337,42,44,41,46,95,491,0,NA,2026-01-27
124,Rudy Gobert,33,MIN,C,45,45,1422,201,282,0.713,0,1,0,201,281,0.715,0.713,88,171,0.515,171,339,510,78,31,76,60,126,490,0,NA,2026-01-27
125,Harrison Barnes,33,SAS,PF,46,46,1290,167,386,0.433,84,234,0.359,83,152,0.546,0.541,69,79,0.873,36,99,135,99,33,7,43,58,487,0,NA,2026-01-27
126,Malik Monk,27,SAC,SG,39,0,873,175,389,0.45,79,185,0.427,96,204,0.471,0.551,57,66,0.864,12,66,78,98,26,16,54,63,486,0,NA,2026-01-27
127,Donovan Clingan,21,POR,C,43,43,1179,186,349,0.533,39,127,0.307,147,222,0.662,0.589,71,108,0.657,189,285,474,82,21,57,44,102,482,0,NA,2026-01-27
128,Tre Johnson,19,WAS,SG,37,19,937,173,390,0.444,81,206,0.393,92,184,0.5,0.547,52,59,0.881,18,84,102,80,24,12,56,68,479,0,NA,2026-01-27
129,Jarrett Allen,27,CLE,C,36,36,981,184,311,0.592,1,8,0.125,183,303,0.604,0.593,108,141,0.766,77,203,280,69,36,29,53,69,477,0,NA,2026-01-27
130,Jock Landale,30,MEM,C,41,21,949,186,354,0.525,47,118,0.398,139,236,0.589,0.592,57,85,0.671,127,140,267,71,22,21,41,97,476,0,NA,2026-01-27
131,RJ Barrett,25,TOR,SF,25,25,741,178,360,0.494,46,132,0.348,132,228,0.579,0.558,73,107,0.682,20,108,128,89,21,5,40,60,475,0,NA,2026-01-27
132,Dennis Schröder,32,SAC,PG,37,12,978,161,387,0.416,52,150,0.347,109,237,0.46,0.483,101,125,0.808,19,94,113,202,28,5,74,62,475,0,NA,2026-01-27
133,Coby White,25,CHI,SG,25,22,720,154,337,0.457,67,181,0.37,87,156,0.558,0.556,100,125,0.8,7,81,88,118,18,2,78,58,475,0,NA,2026-01-27
134,Grayson Allen,30,PHO,SG,29,20,859,158,383,0.413,94,259,0.363,64,124,0.516,0.535,63,75,0.84,21,67,88,108,44,9,47,70,473,0,NA,2026-01-27
135,Royce O'Neale,32,PHO,SF,46,41,1350,164,386,0.425,129,316,0.408,35,70,0.5,0.592,16,23,0.696,31,197,228,137,55,14,72,100,473,0,NA,2026-01-27
136,Tre Jones,26,CHI,PG,38,20,1020,166,302,0.55,21,64,0.328,145,238,0.609,0.584,117,138,0.848,24,89,113,222,50,7,52,53,470,0,NA,2026-01-27
137,Darius Garland,26,CLE,PG,26,26,792,170,377,0.451,59,164,0.36,111,213,0.521,0.529,68,79,0.861,12,51,63,180,21,3,73,48,467,0,NA,2026-01-27
138,P.J. Washington,27,DAL,PF,33,31,1020,175,388,0.451,42,133,0.316,133,255,0.522,0.505,74,108,0.685,47,191,238,61,35,47,69,76,466,0,NA,2026-01-27
139,Jarace Walker,22,IND,PF,47,15,1104,152,396,0.384,75,205,0.366,77,191,0.403,0.479,75,97,0.773,21,180,201,92,37,17,72,79,454,0,NA,2026-01-27
140,Kevin Huerter,27,CHI,SF,41,10,965,173,378,0.458,65,209,0.311,108,169,0.639,0.544,40,52,0.769,20,128,148,104,33,23,46,79,451,0,NA,2026-01-27
141,Bennedict Mathurin,23,IND,SF,25,24,796,140,327,0.428,55,148,0.372,85,179,0.475,0.512,108,124,0.871,19,115,134,53,17,4,58,70,443,0,NA,2026-01-27
142,Miles McBride,25,NYK,SG,34,14,951,153,351,0.436,101,237,0.426,52,114,0.456,0.58,35,43,0.814,22,67,89,93,28,6,27,61,442,0,NA,2026-01-27
143,Neemias Queta,26,BOS,C,44,43,1094,186,289,0.644,0,5,0,186,284,0.655,0.644,69,104,0.663,130,220,350,63,39,57,42,123,441,0,NA,2026-01-27
144,Caleb Love,24,POR,SG,39,1,876,163,415,0.393,82,250,0.328,81,165,0.491,0.492,32,43,0.744,23,84,107,104,22,4,52,45,440,0,NA,2026-01-27
145,Rui Hachimura,27,LAL,PF,35,27,1066,170,333,0.511,65,148,0.439,105,185,0.568,0.608,31,41,0.756,26,99,125,31,20,11,26,60,436,0,NA,2026-01-27
146,Bub Carrington,20,WAS,PG,44,17,1259,150,375,0.4,92,227,0.405,58,148,0.392,0.523,43,57,0.754,20,148,168,205,26,11,103,104,435,0,NA,2026-01-27
147,Ausar Thompson,23,DET,SF,40,39,1032,175,344,0.509,5,19,0.263,170,325,0.523,0.516,75,131,0.573,88,151,239,107,67,31,61,116,430,0,NA,2026-01-27
148,Jake LaRavia,24,LAL,PF,45,24,1234,153,330,0.464,55,158,0.348,98,172,0.57,0.547,67,89,0.753,68,124,192,91,61,20,50,99,428,0,NA,2026-01-27
149,Ace Bailey,19,UTA,SF,39,28,959,172,382,0.45,55,162,0.34,117,220,0.532,0.522,26,36,0.722,60,75,135,64,27,17,49,99,425,0,NA,2026-01-27
150,A.J. Green,26,MIL,SG,40,40,1181,137,308,0.445,122,279,0.437,15,29,0.517,0.643,24,30,0.8,7,96,103,80,24,3,36,100,420,0,NA,2026-01-27
151,Jordan Clarkson,33,NYK,SG,44,0,859,156,367,0.425,58,176,0.33,98,191,0.513,0.504,49,63,0.778,35,46,81,58,21,6,47,83,419,0,NA,2026-01-27
152,Kyle Filipowski,22,UTA,C,45,15,1001,157,337,0.466,37,117,0.316,120,220,0.545,0.521,68,96,0.708,72,203,275,92,31,20,55,124,419,0,NA,2026-01-27
153,Sam Hauser,28,BOS,PF,45,17,1061,142,340,0.418,120,296,0.405,22,44,0.5,0.594,9,10,0.9,30,141,171,66,29,13,26,61,413,0,NA,2026-01-27
154,Anthony Davis,32,DAL,PF,20,20,626,169,334,0.506,10,37,0.27,159,297,0.535,0.521,59,81,0.728,62,159,221,56,22,33,41,42,407,0,NA,2026-01-27
155,Aaron Gordon,30,DEN,PF,23,20,642,139,273,0.509,42,105,0.4,97,168,0.577,0.586,86,109,0.789,30,112,142,58,16,4,24,38,406,0,NA,2026-01-27
156,Jordan Poole,26,NOP,PG,28,6,710,125,338,0.37,71,211,0.336,54,127,0.425,0.475,85,97,0.876,6,45,51,86,19,9,53,67,406,0,NA,2026-01-27
157,Isaiah Stewart,24,DET,C,40,11,943,155,292,0.531,33,96,0.344,122,196,0.622,0.587,63,84,0.75,70,156,226,48,10,78,49,121,406,0,NA,2026-01-27
158,Josh Hart,30,NYK,SF,34,20,1038,153,308,0.497,53,133,0.398,100,175,0.571,0.583,46,62,0.742,57,209,266,176,41,11,72,89,405,1,NA,2026-01-27
159,Jusuf Nurkić,31,UTA,C,36,31,953,164,323,0.508,22,62,0.355,142,261,0.544,0.542,54,98,0.551,94,274,368,179,48,17,86,120,404,3,NA,2026-01-27
160,Jalen Williams,24,OKC,SG,24,24,711,158,336,0.47,18,60,0.3,140,276,0.507,0.497,70,84,0.833,16,98,114,135,32,9,47,51,404,0,NA,2026-01-27
161,Zaccharie Risacher,20,ATL,SF,36,36,887,156,338,0.462,57,159,0.358,99,179,0.553,0.546,34,53,0.642,34,85,119,52,32,19,33,80,403,0,NA,2026-01-27
162,Vit Krejci,25,ATL,PG,44,7,995,137,298,0.46,99,234,0.423,38,64,0.594,0.626,27,36,0.75,19,74,93,67,35,13,29,103,400,0,NA,2026-01-27
163,Egor Dёmin,19,BRK,PG,39,32,959,135,338,0.399,95,240,0.396,40,98,0.408,0.54,34,40,0.85,18,98,116,133,34,12,67,72,399,0,NA,2026-01-27
164,Jay Huff,27,IND,C,47,26,903,144,306,0.471,63,197,0.32,81,109,0.743,0.574,40,48,0.833,45,127,172,59,21,94,38,111,391,0,NA,2026-01-27
165,Ja Morant,26,MEM,PG,20,20,569,132,322,0.41,20,85,0.235,112,237,0.473,0.441,105,117,0.897,8,57,65,161,20,6,71,40,389,0,NA,2026-01-27
166,Tobias Harris,33,DET,PF,29,29,793,142,311,0.457,41,119,0.345,101,192,0.526,0.523,62,73,0.849,28,101,129,71,24,7,32,57,387,0,NA,2026-01-27
167,Kevin Porter Jr.,25,MIL,PG,23,22,773,133,300,0.443,38,106,0.358,95,194,0.49,0.507,82,97,0.845,17,99,116,171,49,10,75,49,386,1,NA,2026-01-27
168,Paul George,35,PHI,PF,25,25,755,132,318,0.415,56,154,0.364,76,164,0.463,0.503,64,74,0.865,14,118,132,90,36,13,42,56,384,0,NA,2026-01-27
169,Quinten Post,25,GSW,PF,48,32,861,144,330,0.436,75,215,0.349,69,115,0.6,0.55,21,26,0.808,48,143,191,64,22,25,37,96,384,0,NA,2026-01-27
170,Jalen Smith,25,CHI,C,39,9,781,140,294,0.476,59,161,0.366,81,133,0.609,0.577,45,63,0.714,72,196,268,49,17,33,35,79,384,0,NA,2026-01-27
171,Pelle Larsson,24,MIA,SG,39,26,917,136,284,0.479,36,112,0.321,100,172,0.581,0.542,70,94,0.745,30,85,115,127,20,9,39,74,378,0,NA,2026-01-27
172,Simone Fontecchio,30,MIA,SF,44,1,740,121,300,0.403,79,211,0.374,42,89,0.472,0.535,52,65,0.8,32,106,138,65,22,6,37,65,373,0,NA,2026-01-27
173,Maxime Raynaud,22,SAC,C,39,24,895,159,298,0.534,9,33,0.273,150,265,0.566,0.549,45,63,0.714,67,181,248,43,16,19,38,96,372,0,NA,2026-01-27
174,Jordan Goodwin,27,PHO,PG,43,2,925,142,355,0.4,62,182,0.341,80,173,0.462,0.487,25,34,0.735,80,120,200,99,59,10,47,75,371,0,NA,2026-01-27
175,Dylan Harper,19,SAS,SG,36,0,762,146,336,0.435,22,91,0.242,124,245,0.506,0.467,54,72,0.75,26,91,117,127,32,9,50,67,368,0,NA,2026-01-27
176,Marcus Smart,31,LAL,SG,36,29,1032,118,289,0.408,59,180,0.328,59,109,0.541,0.51,70,82,0.854,26,86,112,101,48,13,62,102,365,0,NA,2026-01-27
177,Tristan Da Silva,24,ORL,SF,40,14,901,136,312,0.436,59,157,0.376,77,155,0.497,0.53,32,38,0.842,30,107,137,45,34,9,36,50,363,0,NA,2026-01-27
178,Isaiah Joe,26,OKC,SG,38,1,757,111,256,0.434,82,208,0.394,29,48,0.604,0.594,57,66,0.864,17,77,94,50,19,6,23,66,361,0,NA,2026-01-27
179,Davion Mitchell,27,MIA,PG,40,40,1167,143,304,0.47,46,115,0.4,97,189,0.513,0.546,28,43,0.651,16,87,103,289,48,5,67,109,360,0,NA,2026-01-27
180,Marvin Bagley III,26,WAS,PF,36,7,696,143,231,0.619,7,18,0.389,136,213,0.638,0.634,66,93,0.71,93,111,204,53,19,26,43,75,359,0,NA,2026-01-27
181,Jalen Suggs,24,ORL,PG,25,25,635,126,276,0.457,45,142,0.317,81,134,0.604,0.538,62,72,0.861,19,71,90,119,45,13,65,75,359,0,NA,2026-01-27
182,Kentavious Caldwell-Pope,32,MEM,SG,43,13,900,123,303,0.406,51,153,0.333,72,150,0.48,0.49,58,62,0.935,18,88,106,123,34,8,51,44,355,0,NA,2026-01-27
183,Ron Holland,20,DET,SF,42,5,879,128,306,0.418,27,109,0.248,101,197,0.513,0.462,70,89,0.787,46,137,183,60,58,15,59,92,353,0,NA,2026-01-27
184,Moussa Diabaté,24,CHO,C,43,17,1051,133,210,0.633,0,0,NA,133,210,0.633,0.633,85,129,0.659,155,200,355,59,31,43,40,110,351,0,NA,2026-01-27
185,Kris Dunn,31,LAC,PG,45,39,1224,132,272,0.485,48,129,0.372,84,143,0.587,0.574,38,48,0.792,37,95,132,139,67,8,59,106,350,0,NA,2026-01-27
186,Aaron Nesmith,26,IND,SF,26,23,790,115,315,0.365,63,178,0.354,52,137,0.38,0.465,57,71,0.803,38,93,131,59,17,14,39,72,350,0,NA,2026-01-27
187,Svi Mykhailiuk,28,UTA,SF,39,39,944,129,271,0.476,68,176,0.386,61,95,0.642,0.601,21,23,0.913,29,71,100,76,20,3,31,51,347,0,NA,2026-01-27
188,Jamal Shead,23,TOR,PG,48,7,1074,117,318,0.368,57,173,0.329,60,145,0.414,0.458,56,73,0.767,17,75,92,269,48,6,64,101,347,0,NA,2026-01-27
189,Isaiah Collier,21,UTA,PG,38,5,885,128,250,0.512,18,53,0.34,110,197,0.558,0.548,70,107,0.654,16,76,92,252,27,13,88,87,344,0,NA,2026-01-27
190,Kelly Oubre Jr.,30,PHI,SF,23,18,741,125,253,0.494,42,112,0.375,83,141,0.589,0.577,46,62,0.742,21,83,104,32,28,16,32,59,338,0,NA,2026-01-27
191,T.J. McConnell,33,IND,PG,34,0,587,154,289,0.533,11,36,0.306,143,253,0.565,0.552,14,15,0.933,15,60,75,164,40,7,43,41,333,0,NA,2026-01-27
192,Aaron Wiggins,27,OKC,SG,32,11,748,125,279,0.448,59,155,0.381,66,124,0.532,0.554,24,33,0.727,18,89,107,57,25,22,36,49,333,0,NA,2026-01-27
193,Luke Kennard,29,ATL,SG,42,0,862,117,218,0.537,68,138,0.493,49,80,0.613,0.693,30,32,0.938,17,70,87,94,33,3,32,49,332,0,NA,2026-01-27
194,Draymond Green,35,GSW,PF,39,39,1037,121,287,0.422,55,169,0.325,66,118,0.559,0.517,34,49,0.694,30,194,224,204,35,27,109,122,331,0,NA,2026-01-27
195,Sam Merrill,29,CLE,SG,24,15,619,108,230,0.47,85,187,0.455,23,43,0.535,0.654,30,34,0.882,16,41,57,56,17,3,22,68,331,0,NA,2026-01-27
196,Gary Trent Jr.,27,MIL,SG,40,17,967,113,299,0.378,77,216,0.356,36,83,0.434,0.507,27,33,0.818,5,44,49,63,26,2,24,56,330,0,NA,2026-01-27
197,Bruce Brown,29,DEN,SG,46,2,1121,130,287,0.453,21,65,0.323,109,222,0.491,0.49,48,62,0.774,54,135,189,102,46,11,48,110,329,0,NA,2026-01-27
198,Day'Ron Sharpe,24,BRK,C,42,3,763,126,209,0.603,6,30,0.2,120,179,0.67,0.617,71,105,0.676,101,160,261,98,43,19,66,94,329,0,NA,2026-01-27
199,Cason Wallace,22,OKC,SG,45,36,1186,122,297,0.411,61,169,0.361,61,128,0.477,0.513,23,32,0.719,35,102,137,93,93,10,41,91,328,0,NA,2026-01-27
200,Cameron Johnson,29,DEN,SF,28,28,857,113,245,0.461,54,126,0.429,59,119,0.496,0.571,47,58,0.81,20,80,100,66,17,8,27,63,327,0,NA,2026-01-27
201,Isaac Okoro,25,CHI,SG,38,38,955,121,254,0.476,40,119,0.336,81,135,0.6,0.555,42,55,0.764,42,62,104,58,22,20,22,97,324,0,NA,2026-01-27
202,Gradey Dick,22,TOR,SG,48,1,795,114,266,0.429,45,142,0.317,69,124,0.556,0.513,50,59,0.847,29,76,105,33,31,5,26,71,323,0,NA,2026-01-27
203,Cam Thomas,24,BRK,SG,20,8,486,105,266,0.395,33,99,0.333,72,167,0.431,0.457,80,94,0.851,7,28,35,62,4,2,37,29,323,0,NA,2026-01-27
204,Luguentz Dort,26,OKC,SF,37,37,1014,113,282,0.401,71,206,0.345,42,76,0.553,0.527,25,30,0.833,30,111,141,42,34,20,27,111,322,0,NA,2026-01-27
205,Buddy Hield,33,GSW,SG,41,3,706,117,271,0.432,62,178,0.348,55,93,0.591,0.546,26,30,0.867,25,73,98,57,34,9,38,52,322,0,NA,2026-01-27
206,Javonte Green,32,DET,SG,44,4,844,107,241,0.444,48,134,0.358,59,107,0.551,0.544,58,74,0.784,33,88,121,33,63,16,29,66,320,0,NA,2026-01-27
207,Ziaire Williams,24,BRK,SF,33,4,750,98,242,0.405,51,170,0.3,47,72,0.653,0.51,64,73,0.877,20,64,84,20,36,18,33,69,311,0,NA,2026-01-27
208,Nikola Jović,22,MIA,PF,36,1,684,101,267,0.378,42,141,0.298,59,126,0.468,0.457,65,93,0.699,21,115,136,94,23,14,60,57,309,0,NA,2026-01-27
209,Ryan Kalkbrenner,24,CHO,C,35,26,849,132,170,0.776,0,2,0,132,168,0.786,0.776,44,66,0.667,86,134,220,25,21,54,38,62,308,0,NA,2026-01-27
210,Justin Champagnie,24,WAS,SF,42,10,790,120,234,0.513,26,83,0.313,94,151,0.623,0.568,39,53,0.736,87,153,240,47,34,24,25,68,305,0,NA,2026-01-27
211,Luke Kornet,30,SAS,C,37,22,894,118,179,0.659,0,0,NA,118,179,0.659,0.659,65,80,0.813,115,138,253,72,16,49,17,74,301,0,NA,2026-01-27
212,Precious Achiuwa,26,SAC,C,40,26,832,124,241,0.515,15,46,0.326,109,195,0.559,0.546,37,70,0.529,76,147,223,48,31,22,25,66,300,0,NA,2026-01-27
213,Terance Mann,29,BRK,SG,39,36,986,109,243,0.449,34,98,0.347,75,145,0.517,0.519,46,56,0.821,49,81,130,143,31,10,42,101,298,0,NA,2026-01-27
214,Will Richard,23,GSW,SG,43,15,836,107,226,0.473,48,137,0.35,59,89,0.663,0.58,35,43,0.814,40,65,105,59,53,5,33,79,297,0,NA,2026-01-27
215,Jonas Valančiūnas,33,DEN,C,34,2,460,121,207,0.585,3,13,0.231,118,194,0.608,0.592,51,65,0.785,48,115,163,43,7,20,37,72,296,0,NA,2026-01-27
216,Khris Middleton,34,WAS,SF,30,30,734,109,258,0.422,27,86,0.314,82,172,0.477,0.475,49,59,0.831,29,90,119,97,23,8,47,82,294,0,NA,2026-01-27
217,Jrue Holiday,35,POR,PG,19,17,544,109,242,0.45,46,126,0.365,63,116,0.543,0.545,27,34,0.794,21,65,86,131,26,3,45,31,291,0,NA,2026-01-27
218,Kristaps Porziņģis,30,ATL,C,17,12,413,96,210,0.457,31,86,0.36,65,124,0.524,0.531,68,81,0.84,21,66,87,46,9,22,16,54,291,0,NA,2026-01-27
219,Walter Clayton,22,UTA,PG,41,0,754,96,236,0.407,41,133,0.308,55,103,0.534,0.494,57,60,0.95,13,69,82,136,23,10,49,73,290,0,NA,2026-01-27
220,Tari Eason,24,HOU,PF,24,10,572,109,234,0.466,52,111,0.468,57,123,0.463,0.577,17,28,0.607,47,101,148,36,31,15,41,48,287,0,NA,2026-01-27
221,Collin Murray-Boyles,20,TOR,PF,37,13,796,119,222,0.536,15,43,0.349,104,179,0.581,0.57,34,53,0.642,94,95,189,73,32,26,41,97,287,0,NA,2026-01-27
222,Jose Alvarado,27,NOP,PG,36,0,789,103,243,0.424,58,160,0.363,45,83,0.542,0.543,19,23,0.826,13,90,103,115,35,4,45,73,283,0,NA,2026-01-27
223,Sion James,23,CHO,SG,47,18,1167,86,226,0.381,47,134,0.351,39,92,0.424,0.485,64,74,0.865,26,134,160,94,27,17,39,84,283,0,NA,2026-01-27
224,Daniss Jenkins,24,DET,PG,36,7,595,101,232,0.435,38,94,0.404,63,138,0.457,0.517,43,55,0.782,19,43,62,122,35,7,51,46,283,0,NA,2026-01-27
225,Dominick Barlow,22,PHI,PF,35,30,839,112,204,0.549,14,53,0.264,98,151,0.649,0.583,44,58,0.759,73,101,174,46,32,23,31,74,282,0,NA,2026-01-27
226,Dru Smith,28,MIA,SG,46,1,783,96,236,0.407,30,97,0.309,66,139,0.475,0.47,60,73,0.822,38,78,116,116,69,16,42,73,282,0,NA,2026-01-27
227,Luka Garza,27,BOS,C,37,1,611,102,174,0.586,25,55,0.455,77,119,0.647,0.658,52,64,0.813,87,69,156,36,14,19,17,95,281,0,NA,2026-01-27
228,Keegan Murray,25,SAC,PF,19,18,683,111,259,0.429,25,92,0.272,86,167,0.515,0.477,30,38,0.789,30,86,116,29,23,30,22,37,277,0,NA,2026-01-27
229,Patrick Williams,24,CHI,PF,42,1,763,97,248,0.391,54,133,0.406,43,115,0.374,0.5,28,41,0.683,25,94,119,48,28,10,36,51,276,0,NA,2026-01-27
230,Isaiah Hartenstein,27,OKC,C,24,24,645,116,180,0.644,0,4,0,116,176,0.659,0.644,37,57,0.649,81,168,249,71,27,18,50,69,269,0,NA,2026-01-27
231,Tyrese Martin,26,BRK,SG,35,6,670,98,245,0.4,50,145,0.345,48,100,0.48,0.502,19,26,0.731,32,67,99,69,22,4,32,30,265,0,NA,2026-01-27
232,D'Angelo Russell,29,DAL,PG,26,3,495,94,232,0.405,33,112,0.295,61,120,0.508,0.476,43,60,0.717,8,53,61,104,12,2,49,30,264,0,NA,2026-01-27
233,Sidy Cissoko,21,POR,SF,42,21,912,85,217,0.392,44,136,0.324,41,81,0.506,0.493,44,64,0.688,38,60,98,59,28,13,46,114,258,0,NA,2026-01-27
234,Bones Hyland,25,MIN,PG,38,3,531,92,202,0.455,44,123,0.358,48,79,0.608,0.564,26,39,0.667,7,49,56,98,20,9,28,61,254,0,NA,2026-01-27
235,Bilal Coulibaly,21,WAS,SG,25,25,664,82,209,0.392,24,88,0.273,58,121,0.479,0.45,65,85,0.765,23,94,117,62,36,23,40,72,253,0,NA,2026-01-27
236,Oso Ighodaro,23,PHO,PF,46,7,921,112,182,0.615,0,1,0,112,181,0.619,0.615,29,60,0.483,66,138,204,80,44,27,55,117,253,0,NA,2026-01-27
237,Domantas Sabonis,29,SAC,C,16,12,479,99,183,0.541,5,24,0.208,94,159,0.591,0.555,49,67,0.731,48,134,182,65,17,3,44,57,252,0,NA,2026-01-27
238,Kobe Sanders,23,LAC,SG,37,8,775,91,204,0.446,37,95,0.389,54,109,0.495,0.537,33,39,0.846,16,74,90,55,24,4,51,80,252,0,NA,2026-01-27
239,Andre Drummond,32,PHI,C,36,17,720,98,196,0.5,17,47,0.362,81,149,0.544,0.543,38,60,0.633,125,196,321,28,20,32,33,74,251,0,NA,2026-01-27
240,Spencer Jones,24,DEN,SF,41,29,963,92,179,0.514,41,104,0.394,51,75,0.68,0.628,26,41,0.634,47,81,128,36,37,17,24,116,251,0,NA,2026-01-27
241,Ryan Dunn,23,PHO,SF,39,11,799,100,223,0.448,31,99,0.313,69,124,0.556,0.518,18,26,0.692,65,110,175,64,35,18,39,90,249,0,NA,2026-01-27
242,Caris LeVert,31,DET,SG,31,0,612,88,204,0.431,34,100,0.34,54,104,0.519,0.515,36,53,0.679,8,48,56,88,28,20,44,45,246,0,NA,2026-01-27
243,Jaden Ivey,23,DET,SG,29,2,492,90,193,0.466,37,97,0.381,53,96,0.552,0.562,28,36,0.778,15,46,61,47,13,11,33,39,245,0,NA,2026-01-27
244,Jonathan Kuminga,23,GSW,PF,20,13,476,88,194,0.454,17,53,0.321,71,141,0.504,0.497,49,66,0.742,29,88,117,50,8,6,46,33,242,0,NA,2026-01-27
245,Tyler Herro,26,MIA,SG,11,10,349,90,181,0.497,24,67,0.358,66,114,0.579,0.564,37,41,0.902,6,46,52,30,11,5,17,22,241,0,NA,2026-01-27
246,Josh Okogie,27,HOU,SG,44,27,880,85,192,0.443,40,103,0.388,45,89,0.506,0.547,31,49,0.633,50,74,124,41,43,9,32,70,241,0,NA,2026-01-27
247,Ryan Nembhard,22,DAL,PG,33,17,654,99,220,0.45,31,78,0.397,68,142,0.479,0.52,10,13,0.769,7,55,62,167,8,0,50,47,239,0,NA,2026-01-27
248,Corey Kispert,26,2TM,SF,27,6,511,80,175,0.457,40,110,0.364,40,65,0.615,0.571,39,49,0.796,10,50,60,44,13,3,22,27,239,0,NA,2026-01-27
248,Corey Kispert,26,WAS,SF,19,2,370,59,119,0.496,30,76,0.395,29,43,0.674,0.622,26,34,0.765,6,38,44,32,8,3,14,20,174,0,NA,2026-01-27
248,Corey Kispert,26,ATL,SF,8,4,141,21,56,0.375,10,34,0.294,11,22,0.5,0.464,13,15,0.867,4,12,16,12,5,0,8,7,65,0,NA,2026-01-27
249,Brook Lopez,37,LAC,C,38,7,645,81,224,0.362,54,165,0.327,27,59,0.458,0.482,22,26,0.846,13,85,98,34,18,38,31,61,238,0,NA,2026-01-27
250,De'Anthony Melton,27,GSW,PG,21,0,438,85,200,0.425,28,94,0.298,57,106,0.538,0.495,40,50,0.8,12,45,57,44,29,11,32,47,238,0,NA,2026-01-27
251,Goga Bitadze,26,ORL,C,40,1,657,98,145,0.676,2,10,0.2,96,135,0.711,0.683,38,52,0.731,87,122,209,49,30,48,22,87,236,0,NA,2026-01-27
252,Nique Clifford,23,SAC,SG,43,4,813,91,225,0.404,30,100,0.3,61,125,0.488,0.471,24,38,0.632,30,95,125,55,23,13,45,84,236,0,NA,2026-01-27
253,Jordan Walsh,21,BOS,PF,41,20,762,90,162,0.556,30,71,0.423,60,91,0.659,0.648,26,33,0.788,52,125,177,34,34,18,21,91,236,0,NA,2026-01-27
254,Ja'Kobe Walter,21,TOR,SG,38,9,682,81,189,0.429,45,126,0.357,36,63,0.571,0.548,29,38,0.763,26,55,81,34,35,6,20,76,236,0,NA,2026-01-27
255,Jaxson Hayes,25,LAL,C,37,4,653,96,124,0.774,1,1,1,95,123,0.772,0.778,42,66,0.636,52,93,145,30,13,24,20,76,235,0,NA,2026-01-27
256,Danny Wolf,21,BRK,PF,30,4,579,82,211,0.389,34,97,0.351,48,114,0.421,0.469,35,42,0.833,30,99,129,55,19,12,29,52,233,0,NA,2026-01-27
257,Nae'Qwan Tomlin,25,CLE,PF,37,2,610,91,193,0.472,17,73,0.233,74,120,0.617,0.516,32,45,0.711,50,66,116,33,25,24,14,75,231,0,NA,2026-01-27
258,Daniel Gafford,27,DAL,C,30,20,618,88,141,0.624,0,0,NA,88,141,0.624,0.624,53,69,0.768,58,132,190,25,23,40,39,77,229,0,NA,2026-01-27
259,Herbert Jones,27,NOP,SF,25,25,704,84,216,0.389,33,103,0.32,51,113,0.451,0.465,26,32,0.813,26,61,87,59,40,11,32,82,227,0,NA,2026-01-27
260,Yves Missi,21,NOP,C,40,7,765,98,184,0.533,0,1,0,98,183,0.536,0.533,31,51,0.608,122,108,230,48,14,52,31,71,227,0,NA,2026-01-27
261,Isaiah Jackson,24,IND,C,34,14,582,90,154,0.584,0,1,0,90,153,0.588,0.584,46,65,0.708,80,110,190,25,21,25,39,96,226,0,NA,2026-01-27
262,Ben Sheppard,24,IND,SG,36,12,801,79,210,0.376,42,132,0.318,37,78,0.474,0.476,26,34,0.765,22,92,114,62,20,4,18,66,226,0,NA,2026-01-27
263,Vince Williams Jr.,25,MEM,PG,30,11,646,78,232,0.336,40,137,0.292,38,95,0.4,0.422,29,35,0.829,26,97,123,138,23,13,57,63,225,0,NA,2026-01-27
264,Dean Wade,29,CLE,PF,39,18,896,76,186,0.409,45,137,0.328,31,49,0.633,0.53,26,34,0.765,33,130,163,62,30,17,12,62,223,0,NA,2026-01-27
265,Tre Mann,24,CHO,PG,29,1,485,84,225,0.373,38,117,0.325,46,108,0.426,0.458,16,19,0.842,19,49,68,66,14,3,40,52,222,0,NA,2026-01-27
266,Bryce McGowens,23,NOP,SG,29,11,563,73,153,0.477,24,55,0.436,49,98,0.5,0.556,51,67,0.761,10,49,59,38,17,4,15,54,221,0,NA,2026-01-27
267,Keon Ellis,26,SAC,SG,40,5,697,76,194,0.392,48,132,0.364,28,62,0.452,0.515,20,32,0.625,14,38,52,23,44,19,20,65,220,0,NA,2026-01-27
268,Gary Payton II,33,GSW,SG,45,1,570,98,181,0.541,14,50,0.28,84,131,0.641,0.58,8,14,0.571,49,90,139,68,24,14,40,73,218,0,NA,2026-01-27
269,Mouhamed Gueye,23,ATL,PF,46,4,732,85,191,0.445,23,83,0.277,62,108,0.574,0.505,23,39,0.59,53,112,165,46,37,25,26,79,216,0,NA,2026-01-27
270,Jaden Hardy,23,DAL,SG,31,4,381,72,181,0.398,43,116,0.371,29,65,0.446,0.517,28,35,0.8,11,31,42,25,7,2,26,39,215,0,NA,2026-01-27
271,Cole Anthony,25,MIL,PG,31,0,468,90,201,0.448,20,62,0.323,70,139,0.504,0.498,13,22,0.591,13,66,79,111,19,10,60,65,213,0,NA,2026-01-27
272,Jordan Miller,26,LAC,SF,24,0,446,72,136,0.529,19,49,0.388,53,87,0.609,0.599,46,55,0.836,21,54,75,36,18,4,24,23,209,0,NA,2026-01-27
273,Drake Powell,20,BRK,SG,33,8,638,74,168,0.44,26,85,0.306,48,83,0.578,0.518,35,39,0.897,8,45,53,57,21,5,34,47,209,0,NA,2026-01-27
274,Kris Murray,25,POR,SF,34,11,874,78,175,0.446,20,78,0.256,58,97,0.598,0.503,31,42,0.738,61,75,136,42,40,14,31,68,207,0,NA,2026-01-27
275,Craig Porter Jr.,25,CLE,PG,43,2,759,84,180,0.467,24,61,0.393,60,119,0.504,0.533,15,27,0.556,61,92,153,130,38,27,39,49,207,0,NA,2026-01-27
276,Tristan Vukcevic,22,WAS,C,30,2,342,70,154,0.455,12,60,0.2,58,94,0.617,0.494,55,72,0.764,17,54,71,29,8,20,30,37,207,0,NA,2026-01-27
277,Jared McCain,21,PHI,SG,32,1,542,75,208,0.361,34,101,0.337,41,107,0.383,0.442,22,25,0.88,4,65,69,51,22,2,26,36,206,0,NA,2026-01-27
278,Jakob Poeltl,30,TOR,C,21,21,531,88,127,0.693,0,0,NA,88,127,0.693,0.693,28,47,0.596,57,105,162,45,16,11,33,66,204,0,NA,2026-01-27
279,Nicolas Batum,37,LAC,PF,44,4,879,65,164,0.396,62,156,0.397,3,8,0.375,0.585,9,11,0.818,17,96,113,35,36,19,27,74,201,0,NA,2026-01-27
280,Tidjane Salaün,20,CHO,PF,30,0,487,72,139,0.518,31,70,0.443,41,69,0.594,0.629,21,30,0.7,22,110,132,26,11,7,22,48,196,0,NA,2026-01-27
281,Jalen Pickett,26,DEN,SG,31,13,586,74,170,0.435,37,90,0.411,37,80,0.463,0.544,10,11,0.909,15,74,89,90,12,3,26,32,195,0,NA,2026-01-27
282,Alex Caruso,31,OKC,SG,32,0,582,70,168,0.417,31,103,0.301,39,65,0.6,0.509,23,28,0.821,18,73,91,68,45,12,25,40,194,0,NA,2026-01-27
283,Will Riley,19,WAS,SF,36,1,513,70,170,0.412,17,66,0.258,53,104,0.51,0.462,36,45,0.8,26,45,71,41,16,4,29,27,193,0,NA,2026-01-27
284,Cam Whitmore,21,WAS,SF,21,0,354,77,169,0.456,16,56,0.286,61,113,0.54,0.503,23,31,0.742,19,39,58,15,15,8,18,25,193,0,NA,2026-01-27
285,Trae Young,27,ATL,PG,10,10,280,56,135,0.415,18,59,0.305,38,76,0.5,0.481,63,73,0.863,0,15,15,89,10,1,26,20,193,0,NA,2026-01-27
286,Robert Williams,28,POR,C,32,1,517,85,116,0.733,3,12,0.25,82,104,0.788,0.746,18,24,0.75,62,135,197,30,21,42,20,39,191,0,NA,2026-01-27
287,Tyler Kolek,24,NYK,PG,39,1,518,77,179,0.43,25,76,0.329,52,103,0.505,0.5,11,16,0.688,13,61,74,107,17,3,39,55,190,0,NA,2026-01-27
288,Micah Peavy,24,NOP,SG,40,1,645,80,204,0.392,19,77,0.247,61,127,0.48,0.439,11,15,0.733,38,52,90,45,30,6,12,67,190,0,NA,2026-01-27
289,Mike Conley,38,MIN,PG,41,9,757,54,164,0.329,40,123,0.325,14,41,0.341,0.451,41,46,0.891,14,59,73,117,23,8,25,61,189,0,NA,2026-01-27
290,Steven Adams,32,HOU,C,32,11,730,70,139,0.504,0,0,NA,70,139,0.504,0.504,47,81,0.58,145,131,276,48,22,20,35,55,187,0,NA,2026-01-27
291,Al Horford,39,GSW,C,27,2,531,67,168,0.399,42,119,0.353,25,49,0.51,0.524,11,11,1,24,110,134,55,21,28,25,32,187,0,NA,2026-01-27
292,Landry Shamet,28,NYK,SG,20,6,408,57,124,0.46,40,92,0.435,17,32,0.531,0.621,32,42,0.762,8,29,37,23,10,5,9,24,186,0,NA,2026-01-27
293,Josh Minott,23,BOS,PF,29,10,510,66,131,0.504,32,73,0.438,34,58,0.586,0.626,20,26,0.769,39,76,115,32,24,11,18,49,184,0,NA,2026-01-27
294,Cody Williams,21,UTA,SG,33,10,587,78,169,0.462,13,58,0.224,65,111,0.586,0.5,13,23,0.565,25,46,71,28,13,12,17,55,182,0,NA,2026-01-27
295,Ochai Agbaji,25,TOR,SG,39,13,642,72,168,0.429,12,64,0.188,60,104,0.577,0.464,25,29,0.862,33,60,93,30,17,11,18,74,181,0,NA,2026-01-27
296,Paul Reed,26,DET,C,32,6,383,78,132,0.591,7,20,0.35,71,112,0.634,0.617,18,32,0.563,61,77,138,39,28,19,33,50,181,0,NA,2026-01-27
297,Jase Richardson,20,ORL,SG,32,0,394,68,139,0.489,22,57,0.386,46,82,0.561,0.568,23,32,0.719,17,30,47,41,8,2,21,35,181,0,NA,2026-01-27
298,Aaron Holiday,29,HOU,PG,30,1,420,58,145,0.4,38,100,0.38,20,45,0.444,0.531,25,29,0.862,4,21,25,30,13,4,21,41,179,0,NA,2026-01-27
299,GG Jackson II,21,MEM,PF,24,3,388,67,147,0.456,19,69,0.275,48,78,0.615,0.52,26,35,0.743,10,58,68,17,17,12,22,38,179,0,NA,2026-01-27
300,Jaylin Williams,23,OKC,PF,32,5,579,56,155,0.361,36,118,0.305,20,37,0.541,0.477,30,41,0.732,17,130,147,77,19,17,30,65,178,0,NA,2026-01-27
301,Kevin Love,37,UTA,PF,25,4,433,57,143,0.399,36,100,0.36,21,43,0.488,0.524,27,33,0.818,42,98,140,46,8,8,20,44,177,0,NA,2026-01-27
302,Jarred Vanderbilt,26,LAL,PF,36,3,704,68,141,0.482,19,59,0.322,49,82,0.598,0.55,22,33,0.667,57,127,184,49,31,13,39,68,177,0,NA,2026-01-27
303,Jaylen Clark,24,MIN,SG,44,0,624,62,147,0.422,17,61,0.279,45,86,0.523,0.48,35,53,0.66,40,46,86,28,34,7,15,63,176,0,NA,2026-01-27
304,Derrick Jones Jr.,28,LAC,SF,17,13,411,65,117,0.556,22,55,0.4,43,62,0.694,0.65,24,31,0.774,15,30,45,20,13,18,14,35,176,0,NA,2026-01-27
305,Kenrich Williams,31,OKC,PF,27,0,413,68,134,0.507,23,67,0.343,45,67,0.672,0.593,14,23,0.609,21,66,87,42,15,4,15,32,173,0,NA,2026-01-27
306,Dalton Knecht,24,LAL,SF,36,1,450,66,151,0.437,29,91,0.319,37,60,0.617,0.533,11,16,0.688,11,45,56,13,8,9,16,37,172,0,NA,2026-01-27
307,Karlo Matković,24,NOP,PF,35,2,447,74,118,0.627,16,38,0.421,58,80,0.725,0.695,8,15,0.533,29,81,110,24,9,25,18,58,172,0,NA,2026-01-27
308,Pat Spencer,29,GSW,PG,32,4,448,66,163,0.405,19,51,0.373,47,112,0.42,0.463,21,24,0.875,21,44,65,95,20,1,31,34,172,0,NA,2026-01-27
309,Asa Newell,20,ATL,PF,33,0,351,67,120,0.558,25,57,0.439,42,63,0.667,0.663,11,20,0.55,28,35,63,18,12,11,17,53,170,0,NA,2026-01-27
310,Tyrese Proctor,21,CLE,PG,34,1,361,58,149,0.389,33,94,0.351,25,55,0.455,0.5,21,25,0.84,6,35,41,42,12,0,19,38,170,0,NA,2026-01-27
311,Hugo González,19,BOS,SF,41,2,609,67,130,0.515,22,57,0.386,45,73,0.616,0.6,9,17,0.529,35,99,134,25,25,11,24,76,165,0,NA,2026-01-27
312,Jabari Walker,23,PHI,PF,41,6,529,58,140,0.414,17,63,0.27,41,77,0.532,0.475,32,44,0.727,51,83,134,20,16,11,17,72,165,0,NA,2026-01-27
313,Quenton Jackson,27,IND,PG,23,9,349,53,121,0.438,17,47,0.362,36,74,0.486,0.508,41,53,0.774,12,31,43,41,14,4,26,37,164,0,NA,2026-01-27
314,Justin Edwards,22,PHI,SF,34,5,490,57,149,0.383,32,98,0.327,25,51,0.49,0.49,17,19,0.895,16,35,51,40,22,8,21,52,163,0,NA,2026-01-27
315,Branden Carlson,26,OKC,C,32,2,351,66,126,0.524,20,57,0.351,46,69,0.667,0.603,9,17,0.529,18,63,81,19,6,16,12,29,161,0,NA,2026-01-27
316,Drew Eubanks,28,SAC,C,30,11,420,66,110,0.6,1,4,0.25,65,106,0.613,0.605,24,43,0.558,25,57,82,8,12,19,25,41,157,0,NA,2026-01-27
317,Johnny Furphy,21,IND,SG,29,15,519,60,123,0.488,21,59,0.356,39,64,0.609,0.573,15,30,0.5,28,95,123,25,18,6,23,51,156,0,NA,2026-01-27
318,Taylor Hendricks,22,UTA,PF,31,6,466,55,117,0.47,23,63,0.365,32,54,0.593,0.568,23,30,0.767,28,67,95,21,13,8,17,39,156,0,NA,2026-01-27
319,Mitchell Robinson,27,NYK,C,32,13,624,68,100,0.68,0,0,NA,68,100,0.68,0.68,20,53,0.377,157,136,293,33,28,39,22,77,156,0,NA,2026-01-27
320,Jalen Wilson,25,BRK,PF,30,0,417,49,130,0.377,28,82,0.341,21,48,0.438,0.485,30,40,0.75,4,34,38,17,10,2,14,35,156,0,NA,2026-01-27
321,Lonzo Ball,28,CLE,PG,32,3,675,51,166,0.307,38,138,0.275,13,28,0.464,0.422,14,20,0.7,25,101,126,127,41,9,47,44,154,0,NA,2026-01-27
322,Zeke Nnaji,25,DEN,PF,33,2,453,55,113,0.487,11,40,0.275,44,73,0.603,0.535,33,40,0.825,23,70,93,19,13,17,16,47,154,0,NA,2026-01-27
323,Noah Penda,21,ORL,SF,30,2,424,55,124,0.444,21,50,0.42,34,74,0.459,0.528,21,35,0.6,47,71,118,36,18,13,25,43,152,0,NA,2026-01-27
324,Tony Bradley,28,IND,C,38,3,416,59,106,0.557,1,2,0.5,58,104,0.558,0.561,32,43,0.744,56,51,107,20,6,7,17,60,151,0,NA,2026-01-27
325,Keaton Wallace,26,ATL,PG,37,2,441,56,133,0.421,33,82,0.402,23,51,0.451,0.545,6,11,0.545,3,43,46,79,21,5,22,37,151,0,NA,2026-01-27
326,Jamaree Bouyea,26,PHO,PG,20,0,293,61,111,0.55,16,41,0.39,45,70,0.643,0.622,12,18,0.667,11,30,41,33,12,7,9,16,150,0,NA,2026-01-27
327,Zach Edey,23,MEM,C,11,11,284,62,98,0.633,1,5,0.2,61,93,0.656,0.638,25,32,0.781,43,79,122,12,7,21,26,37,150,0,NA,2026-01-27
328,Jordan Hawkins,23,NOP,SG,35,0,493,54,169,0.32,28,93,0.301,26,76,0.342,0.402,14,18,0.778,14,48,62,26,8,7,22,22,150,0,NA,2026-01-27
329,Gui Santos,23,GSW,PF,37,4,450,54,118,0.458,25,73,0.342,29,45,0.644,0.564,16,24,0.667,29,69,98,39,18,8,30,49,149,0,NA,2026-01-27
330,Trayce Jackson-Davis,25,GSW,C,34,1,404,59,101,0.584,1,1,1,58,100,0.58,0.589,29,52,0.558,47,64,111,31,13,19,16,40,148,0,NA,2026-01-27
331,Thomas Bryant,28,CLE,C,32,0,292,52,101,0.515,17,49,0.347,35,52,0.673,0.599,25,31,0.806,24,57,81,14,7,12,12,37,146,0,NA,2026-01-27
332,Adem Bona,22,PHI,C,36,3,599,50,85,0.588,2,5,0.4,48,80,0.6,0.6,41,61,0.672,63,75,138,9,13,48,28,75,143,0,NA,2026-01-27
333,Trendon Watford,25,PHI,PF,24,4,377,55,109,0.505,8,20,0.4,47,89,0.528,0.541,25,34,0.735,18,61,79,63,7,6,26,48,143,1,NA,2026-01-27
334,Nick Smith Jr.,21,LAL,SG,23,1,300,53,124,0.427,27,68,0.397,26,56,0.464,0.536,7,11,0.636,2,16,18,27,8,2,18,24,140,0,NA,2026-01-27
335,Tyus Jones,29,ORL,PG,44,8,709,51,152,0.336,28,99,0.283,23,53,0.434,0.428,6,6,1,8,43,51,104,33,3,11,24,136,0,NA,2026-01-27
336,Clint Capela,31,HOU,C,38,1,436,60,113,0.531,0,0,NA,60,113,0.531,0.531,15,30,0.5,90,82,172,19,19,27,17,33,135,0,NA,2026-01-27
337,Jett Howard,22,ORL,SF,28,0,308,46,123,0.374,26,78,0.333,20,45,0.444,0.48,17,18,0.944,10,30,40,24,4,4,6,27,135,0,NA,2026-01-27
338,Nolan Traoré,19,BRK,PG,23,0,427,46,134,0.343,21,65,0.323,25,69,0.362,0.422,21,26,0.808,3,25,28,61,11,6,30,38,134,0,NA,2026-01-27
339,Christian Braun,24,DEN,SG,14,14,404,51,111,0.459,7,33,0.212,44,78,0.564,0.491,24,32,0.75,20,39,59,35,9,6,17,29,133,0,NA,2026-01-27
340,Bogdan Bogdanović,33,LAC,SG,16,3,360,44,117,0.376,24,72,0.333,20,45,0.444,0.479,16,19,0.842,5,41,46,43,8,1,19,40,128,0,NA,2026-01-27
341,Kyle Anderson,32,UTA,SF,17,0,335,50,96,0.521,2,4,0.5,48,92,0.522,0.531,20,33,0.606,16,41,57,46,21,9,16,38,122,0,NA,2026-01-27
342,Baylor Scheierman,25,BOS,SG,41,3,522,44,96,0.458,30,72,0.417,14,24,0.583,0.615,4,5,0.8,15,68,83,30,23,2,18,58,122,0,NA,2026-01-27
343,Rob Dillingham,21,MIN,PG,34,0,322,46,139,0.331,12,33,0.364,34,106,0.321,0.374,15,20,0.75,5,36,41,58,18,3,33,36,119,0,NA,2026-01-27
344,Jamison Battle,24,TOR,SF,34,2,299,45,82,0.549,22,48,0.458,23,34,0.676,0.683,6,9,0.667,10,41,51,14,5,2,13,28,118,0,NA,2026-01-27
345,Liam McNeeley,20,CHO,SF,27,0,336,34,86,0.395,22,58,0.379,12,28,0.429,0.523,25,31,0.806,11,48,59,23,5,3,12,35,115,0,NA,2026-01-27
346,Jeremy Sochan,22,SAS,PF,27,0,354,47,98,0.48,9,35,0.257,38,63,0.603,0.526,11,16,0.688,26,47,73,28,10,4,18,50,114,0,NA,2026-01-27
347,Jevon Carter,30,CHI,PG,22,0,234,37,93,0.398,29,70,0.414,8,23,0.348,0.554,10,10,1,5,16,21,18,12,0,10,16,113,0,NA,2026-01-27
348,Gabe Vincent,29,LAL,PG,25,7,482,36,111,0.324,31,87,0.356,5,24,0.208,0.464,10,11,0.909,7,15,22,33,11,1,9,51,113,0,NA,2026-01-27
349,Josh Green,25,CHO,SG,23,0,370,38,84,0.452,26,62,0.419,12,22,0.545,0.607,9,11,0.818,23,25,48,25,14,2,13,25,111,0,NA,2026-01-27
350,Cam Christie,20,LAC,SG,30,0,308,35,87,0.402,11,37,0.297,24,50,0.48,0.466,29,39,0.744,10,43,53,19,8,2,14,15,110,0,NA,2026-01-27
351,Caleb Martin,30,DAL,SF,39,5,472,43,96,0.448,8,28,0.286,35,68,0.515,0.49,16,25,0.64,17,58,75,54,24,9,24,57,110,0,NA,2026-01-27
352,Micah Potter,27,IND,C,16,2,282,32,76,0.421,17,51,0.333,15,25,0.6,0.533,28,30,0.933,13,51,64,22,5,5,12,25,109,0,NA,2026-01-27
353,Guerschon Yabusele,30,NYK,C,38,0,351,40,102,0.392,20,65,0.308,20,37,0.541,0.49,8,12,0.667,22,58,80,18,4,5,14,35,108,0,NA,2026-01-27
354,Rayan Rupert,21,POR,SG,40,0,475,41,117,0.35,14,55,0.255,27,62,0.435,0.41,9,14,0.643,19,50,69,28,22,2,18,48,105,0,NA,2026-01-27
355,Olivier-Maxence Prosper,23,MEM,PF,21,0,236,33,68,0.485,9,24,0.375,24,44,0.545,0.551,28,30,0.933,14,34,48,15,4,2,14,16,103,0,NA,2026-01-27
356,Julian Strawther,23,DEN,SG,23,1,240,33,86,0.384,8,37,0.216,25,49,0.51,0.43,29,37,0.784,2,31,33,19,5,1,10,24,103,0,NA,2026-01-27
357,Malaki Branham,22,WAS,SG,25,0,238,34,75,0.453,9,28,0.321,25,47,0.532,0.513,25,30,0.833,10,30,40,23,10,3,13,17,102,0,NA,2026-01-27
358,Jonathan Isaac,28,ORL,PF,37,0,366,35,79,0.443,6,31,0.194,29,48,0.604,0.481,26,43,0.605,29,67,96,11,13,20,12,28,102,0,NA,2026-01-27
359,Dwight Powell,34,DAL,C,32,7,478,32,49,0.653,0,0,NA,32,49,0.653,0.653,38,58,0.655,43,81,124,33,18,12,16,64,102,0,NA,2026-01-27
360,Moussa Cisse,23,DAL,C,26,1,302,39,61,0.639,0,0,NA,39,61,0.639,0.639,23,50,0.46,49,69,118,6,9,31,21,47,101,0,NA,2026-01-27
361,Jeremiah Robinson-Earl,25,2TM,PF,22,3,361,37,100,0.37,10,41,0.244,27,59,0.458,0.42,17,18,0.944,36,67,103,15,9,1,12,26,101,0,NA,2026-01-27
361,Jeremiah Robinson-Earl,25,IND,PF,17,3,300,29,83,0.349,8,33,0.242,21,50,0.42,0.398,13,14,0.929,32,56,88,12,7,1,10,23,79,0,NA,2026-01-27
361,Jeremiah Robinson-Earl,25,DAL,PF,5,0,61,8,17,0.471,2,8,0.25,6,9,0.667,0.529,4,4,1,4,11,15,3,2,0,2,3,22,0,NA,2026-01-27
362,Terrence Shannon Jr.,25,MIN,SG,22,0,282,32,81,0.395,15,37,0.405,17,44,0.386,0.488,21,27,0.778,6,22,28,14,7,1,15,29,100,0,NA,2026-01-27
363,Zach Collins,28,CHI,C,10,0,184,37,64,0.578,9,21,0.429,28,43,0.651,0.648,14,20,0.7,16,40,56,15,2,4,10,18,97,0,NA,2026-01-27
364,Kelly Olynyk,34,SAS,C,28,0,267,34,72,0.472,9,38,0.237,25,34,0.735,0.535,20,30,0.667,18,35,53,35,13,1,16,33,97,0,NA,2026-01-27
365,Dylan Cardwell,24,SAC,C,20,1,391,41,72,0.569,0,1,0,41,71,0.577,0.569,14,28,0.5,57,84,141,25,16,33,13,77,96,0,NA,2026-01-27
366,Gary Harris,31,MIL,SG,34,2,505,33,68,0.485,20,42,0.476,13,26,0.5,0.632,8,9,0.889,12,39,51,36,21,5,14,42,94,0,NA,2026-01-27
367,Duop Reath,29,POR,C,32,0,258,33,74,0.446,23,55,0.418,10,19,0.526,0.601,5,6,0.833,10,28,38,10,5,8,7,28,94,0,NA,2026-01-27
368,Kasparas Jakučionis,19,MIA,PG,21,5,315,27,78,0.346,21,48,0.438,6,30,0.2,0.481,18,20,0.9,17,32,49,38,11,1,15,34,93,0,NA,2026-01-27
369,Carter Bryant,20,SAS,PF,36,0,295,34,97,0.351,14,53,0.264,20,44,0.455,0.423,10,12,0.833,15,47,62,7,6,5,12,28,92,0,NA,2026-01-27
370,Ousmane Dieng,22,OKC,C,23,0,263,34,77,0.442,18,42,0.429,16,35,0.457,0.558,6,6,1,6,31,37,24,1,7,6,20,92,0,NA,2026-01-27
371,Yanic Konan Niederhäuser,22,LAC,C,25,0,218,35,53,0.66,0,2,0,35,51,0.686,0.66,20,31,0.645,21,33,54,8,2,11,12,29,90,0,NA,2026-01-27
372,Jericho Sims,27,MIL,C,31,4,434,41,49,0.837,0,0,NA,41,49,0.837,0.837,8,13,0.615,39,74,113,19,6,5,30,51,90,0,NA,2026-01-27
373,Nick Richards,28,PHO,C,28,2,254,35,71,0.493,0,0,NA,35,71,0.493,0.493,19,28,0.679,35,56,91,8,4,14,25,39,89,0,NA,2026-01-27
374,Dalen Terry,23,CHI,SG,29,0,287,34,79,0.43,13,35,0.371,21,44,0.477,0.513,6,11,0.545,15,33,48,30,18,8,16,30,87,0,NA,2026-01-27
375,KJ Simpson,23,CHO,PG,14,2,223,31,89,0.348,12,39,0.308,19,50,0.38,0.416,10,16,0.625,5,24,29,35,15,0,24,14,84,0,NA,2026-01-27
376,Ethan Thompson,26,IND,SG,20,5,306,29,81,0.358,16,56,0.286,13,25,0.52,0.457,10,15,0.667,11,24,35,26,10,5,12,37,84,0,NA,2026-01-27
377,Julian Phillips,22,CHI,SF,31,2,292,32,75,0.427,14,44,0.318,18,31,0.581,0.52,5,6,0.833,20,20,40,7,15,6,6,32,83,0,NA,2026-01-27
378,Kobe Brown,26,LAC,PF,29,0,269,27,75,0.36,10,43,0.233,17,32,0.531,0.427,18,22,0.818,17,33,50,25,8,2,11,15,82,0,NA,2026-01-27
379,John Konchar,29,MEM,SG,28,1,388,30,62,0.484,10,34,0.294,20,28,0.714,0.565,8,13,0.615,16,66,82,35,29,11,11,30,78,0,NA,2026-01-27
380,Garrison Mathews,29,IND,SG,15,1,196,21,52,0.404,17,46,0.37,4,6,0.667,0.567,19,23,0.826,2,15,17,10,6,3,3,19,78,0,NA,2026-01-27
381,Walker Kessler,24,UTA,C,5,5,154,26,37,0.703,6,8,0.75,20,29,0.69,0.784,14,20,0.7,23,31,54,15,7,9,16,22,72,0,NA,2026-01-27
382,Marcus Sasser,25,DET,PG,13,0,125,24,54,0.444,14,35,0.4,10,19,0.526,0.574,10,11,0.909,1,12,13,23,7,2,8,12,72,0,NA,2026-01-27
383,Ben Saraf,19,BRK,SG,13,5,220,25,67,0.373,9,34,0.265,16,33,0.485,0.44,12,15,0.8,5,14,19,34,9,3,27,15,71,0,NA,2026-01-27
384,Mohamed Diawara,20,NYK,SF,36,5,183,26,65,0.4,14,36,0.389,12,29,0.414,0.508,3,6,0.5,9,28,37,17,8,4,10,17,69,0,NA,2026-01-27
385,Larry Nance Jr.,33,CLE,PF,20,2,278,28,76,0.368,12,40,0.3,16,36,0.444,0.447,1,3,0.333,16,36,52,21,11,4,9,43,69,0,NA,2026-01-27
386,Jae'Sean Tate,30,HOU,SF,27,0,212,29,58,0.5,7,19,0.368,22,39,0.564,0.56,4,5,0.8,19,21,40,15,5,3,7,32,69,0,NA,2026-01-27
387,PJ Hall,23,2TM,C,15,2,154,26,44,0.591,3,5,0.6,23,39,0.59,0.625,14,20,0.7,23,29,52,7,1,9,11,16,69,0,NA,2026-01-27
387,PJ Hall,23,MEM,C,7,0,27,5,9,0.556,1,3,0.333,4,6,0.667,0.611,2,3,0.667,3,6,9,2,0,2,1,3,13,0,NA,2026-01-27
387,PJ Hall,23,CHO,C,8,2,127,21,35,0.6,2,2,1,19,33,0.576,0.629,12,17,0.706,20,23,43,5,1,7,10,13,56,0,NA,2026-01-27
388,Javon Small,23,MEM,PG,15,0,184,21,58,0.362,11,32,0.344,10,26,0.385,0.457,14,17,0.824,5,15,20,48,4,2,19,19,67,0,NA,2026-01-27
389,Jamir Watkins,24,WAS,SG,19,2,275,22,48,0.458,7,28,0.25,15,20,0.75,0.531,14,18,0.778,13,46,59,12,13,7,8,45,65,0,NA,2026-01-27
390,RayJ Dennis,24,3TM,PG,15,0,177,22,73,0.301,12,39,0.308,10,34,0.294,0.384,8,9,0.889,8,15,23,30,4,4,15,17,64,0,NA,2026-01-27
390,RayJ Dennis,24,IND,PG,13,0,168,22,72,0.306,12,38,0.316,10,34,0.294,0.389,8,9,0.889,8,13,21,26,3,4,14,16,64,0,NA,2026-01-27
390,RayJ Dennis,24,LAC,PG,1,0,4,0,0,NA,0,0,NA,0,0,NA,NA,0,0,NA,0,2,2,0,0,0,1,0,0,0,NA,2026-01-27
390,RayJ Dennis,24,ATL,PG,1,0,5,0,1,0,0,1,0,0,0,NA,0,0,0,NA,0,0,0,4,1,0,0,1,0,0,NA,2026-01-27
391,Joan Beringer,19,MIN,PF,21,0,142,30,46,0.652,0,0,NA,30,46,0.652,0.652,3,6,0.5,21,24,45,5,3,9,5,23,63,0,NA,2026-01-27
392,Pat Connaughton,33,CHO,SG,22,0,155,22,45,0.489,11,27,0.407,11,18,0.611,0.611,8,13,0.615,6,24,30,14,5,1,3,5,63,0,NA,2026-01-27
393,Rasheer Fleming,21,PHO,PF,25,0,170,24,69,0.348,8,39,0.205,16,30,0.533,0.406,7,9,0.778,17,15,32,4,6,6,4,19,63,0,NA,2026-01-27
394,Myron Gardner,24,MIA,SF,19,0,130,21,46,0.457,10,27,0.37,11,19,0.579,0.565,8,11,0.727,15,21,36,15,7,4,2,28,60,0,NA,2026-01-27
395,Yang Hansen,20,POR,C,26,1,217,20,70,0.286,5,32,0.156,15,38,0.395,0.321,15,16,0.938,11,33,44,19,2,8,23,31,60,0,NA,2026-01-27
396,Keshad Johnson,24,MIA,SF,19,0,145,20,52,0.385,6,21,0.286,14,31,0.452,0.442,11,15,0.733,13,22,35,1,5,4,7,15,57,0,NA,2026-01-27
397,Isaiah Livers,27,PHO,PF,24,0,249,20,47,0.426,11,32,0.344,9,15,0.6,0.543,5,6,0.833,14,34,48,15,12,7,10,23,56,0,NA,2026-01-27
398,Chaz Lanier,24,DET,SG,17,0,158,18,50,0.36,14,41,0.341,4,9,0.444,0.5,5,5,1,6,11,17,12,5,0,2,6,55,0,NA,2026-01-27
399,Amir Coffey,28,MIL,SG,26,0,212,18,44,0.409,5,22,0.227,13,22,0.591,0.466,13,14,0.929,5,15,20,8,2,2,4,10,54,0,NA,2026-01-27
400,DaRon Holmes,23,DEN,PF,12,6,169,17,41,0.415,14,34,0.412,3,7,0.429,0.585,6,8,0.75,5,19,24,15,0,4,5,15,54,0,NA,2026-01-27
401,Lindy Waters III,28,SAS,SG,26,0,188,19,54,0.352,15,47,0.319,4,7,0.571,0.491,1,1,1,2,19,21,11,4,0,3,17,54,0,NA,2026-01-27
402,Chris Youngblood,23,OKC,SG,29,0,144,16,46,0.348,14,41,0.341,2,5,0.4,0.5,7,7,1,6,18,24,7,3,1,1,19,53,0,NA,2026-01-27
403,Bradley Beal,32,LAC,SG,6,6,121,18,48,0.375,7,19,0.368,11,29,0.379,0.448,6,8,0.75,2,3,5,10,3,0,9,14,49,0,NA,2026-01-27
404,Ariel Hukporti,23,NYK,C,30,4,267,18,34,0.529,0,1,0,18,33,0.545,0.529,13,20,0.65,31,52,83,17,5,18,15,37,49,0,NA,2026-01-27
405,A.J. Lawson,25,TOR,SG,11,0,106,16,41,0.39,8,22,0.364,8,19,0.421,0.488,9,9,1,7,15,22,3,4,3,4,15,49,0,NA,2026-01-27
406,Taurean Prince,31,MIL,SF,8,0,169,17,38,0.447,12,28,0.429,5,10,0.5,0.605,3,3,1,0,13,13,8,6,2,5,20,49,0,NA,2026-01-27
407,Jamal Cain,26,ORL,SF,18,0,126,14,37,0.378,5,18,0.278,9,19,0.474,0.446,15,18,0.833,7,6,13,5,4,1,6,22,48,0,NA,2026-01-27
408,Christian Koloko,25,3TM,C,16,2,241,23,46,0.5,1,2,0.5,22,44,0.5,0.511,1,4,0.25,20,31,51,11,11,19,10,30,48,0,NA,2026-01-27
408,Christian Koloko,25,LAL,C,2,0,6,0,0,NA,0,0,NA,0,0,NA,NA,0,0,NA,0,1,1,0,0,0,0,1,0,0,NA,2026-01-27
408,Christian Koloko,25,MEM,C,11,2,195,14,35,0.4,0,1,0,14,34,0.412,0.4,1,4,0.25,19,25,44,10,10,13,7,20,29,0,NA,2026-01-27
408,Christian Koloko,25,ATL,C,3,0,40,9,11,0.818,1,1,1,8,10,0.8,0.864,0,0,NA,1,5,6,1,1,6,3,9,19,0,NA,2026-01-27
409,Jalen Green,23,PHO,SG,4,2,54,16,37,0.432,8,19,0.421,8,18,0.444,0.541,7,9,0.778,2,5,7,8,2,0,5,3,47,0,NA,2026-01-27
410,Chris Paul,40,LAC,PG,16,0,228,18,56,0.321,10,30,0.333,8,26,0.308,0.411,1,2,0.5,6,22,28,53,11,0,16,23,47,0,NA,2026-01-27
411,Moritz Wagner,28,ORL,C,5,0,65,16,37,0.432,5,15,0.333,11,22,0.5,0.5,10,10,1,2,14,16,3,3,0,5,9,47,0,NA,2026-01-27
412,Kevon Looney,29,NOP,C,17,6,237,20,47,0.426,1,9,0.111,19,38,0.5,0.436,5,8,0.625,39,48,87,25,6,8,8,30,46,0,NA,2026-01-27
413,Dorian Finney-Smith,32,HOU,PF,14,0,217,15,48,0.313,11,38,0.289,4,10,0.4,0.427,3,3,1,14,23,37,9,5,2,7,22,44,0,NA,2026-01-27
414,Leonard Miller,22,MIN,SF,18,0,91,18,33,0.545,1,12,0.083,17,21,0.81,0.561,7,11,0.636,7,18,25,5,4,0,9,11,44,0,NA,2026-01-27
415,Obi Toppin,27,IND,PF,3,0,82,15,36,0.417,3,17,0.176,12,19,0.632,0.458,9,9,1,3,17,20,5,3,0,6,7,42,0,NA,2026-01-27
416,Maxi Kleber,34,LAL,PF,20,1,230,13,40,0.325,4,17,0.235,9,23,0.391,0.375,11,14,0.786,14,23,37,14,6,5,7,31,41,0,NA,2026-01-27
417,Jordan McLaughlin,29,SAS,PG,19,0,116,15,35,0.429,7,19,0.368,8,16,0.5,0.529,4,5,0.8,4,10,14,15,10,0,8,8,41,0,NA,2026-01-27
418,Pete Nance,25,MIL,PF,14,0,104,16,29,0.552,9,18,0.5,7,11,0.636,0.707,0,0,NA,5,13,18,5,5,3,6,4,41,0,NA,2026-01-27
419,Hunter Tyson,25,DEN,PF,18,2,144,13,50,0.26,6,31,0.194,7,19,0.368,0.32,9,11,0.818,4,27,31,15,2,1,4,12,41,0,NA,2026-01-27
420,Devin Carter,23,SAC,PG,13,0,108,13,39,0.333,5,20,0.25,8,19,0.421,0.397,9,9,1,5,11,16,13,6,2,8,10,40,0,NA,2026-01-27
421,JD Davison,23,HOU,PG,20,0,143,14,39,0.359,6,21,0.286,8,18,0.444,0.436,5,9,0.556,2,13,15,20,5,4,5,11,39,0,NA,2026-01-27
422,AJ Johnson,21,WAS,SG,23,0,163,16,62,0.258,4,19,0.211,12,43,0.279,0.29,3,4,0.75,7,19,26,14,5,0,11,9,39,0,NA,2026-01-27
423,Johnny Juzang,24,MIN,SG,18,0,72,14,33,0.424,5,21,0.238,9,12,0.75,0.5,5,8,0.625,5,10,15,6,2,0,4,3,38,0,NA,2026-01-27
424,Taelon Peter,23,IND,SG,22,0,139,12,40,0.3,10,37,0.27,2,3,0.667,0.425,4,6,0.667,6,17,23,16,6,2,10,9,38,0,NA,2026-01-27
425,Drew Timme,25,LAL,PF,12,0,92,16,27,0.593,5,10,0.5,11,17,0.647,0.685,0,1,0,5,11,16,11,5,0,3,8,37,0,NA,2026-01-27
426,Grant Williams,27,CHO,PF,7,0,120,12,36,0.333,7,28,0.25,5,8,0.625,0.431,6,9,0.667,6,18,24,7,5,2,4,7,37,0,NA,2026-01-27
427,Blake Wesley,22,POR,SG,6,0,98,14,34,0.412,2,10,0.2,12,24,0.5,0.441,6,10,0.6,2,12,14,19,10,1,7,14,36,0,NA,2026-01-27
428,Bronny James,21,LAL,SG,24,1,165,13,40,0.325,7,21,0.333,6,19,0.316,0.413,2,2,1,4,6,10,26,9,1,12,13,35,0,NA,2026-01-27
429,Andre Jackson Jr.,24,MIL,SG,19,0,127,10,34,0.294,5,22,0.227,5,12,0.417,0.368,9,10,0.9,5,10,15,20,5,2,8,19,34,0,NA,2026-01-27
430,Eric Gordon,37,PHI,SG,6,0,74,12,21,0.571,8,14,0.571,4,7,0.571,0.762,1,2,0.5,1,1,2,3,4,1,3,3,33,0,NA,2026-01-27
431,Nigel Hayes-Davis,31,PHO,SF,24,0,183,15,45,0.333,2,16,0.125,13,29,0.448,0.356,1,2,0.5,12,18,30,7,8,1,7,15,33,0,NA,2026-01-27
432,Jeff Green,39,HOU,PF,15,0,66,12,25,0.48,8,17,0.471,4,8,0.5,0.64,0,0,NA,1,7,8,2,0,1,1,5,32,0,NA,2026-01-27
433,David Jones García,24,SAS,SF,11,0,68,13,25,0.52,3,5,0.6,10,20,0.5,0.58,3,6,0.5,4,9,13,18,6,1,5,6,32,0,NA,2026-01-27
434,Anthony Gill,33,WAS,PF,21,0,91,12,19,0.632,3,7,0.429,9,12,0.75,0.711,4,4,1,6,13,19,2,1,3,6,7,31,0,NA,2026-01-27
435,Xavier Tillman Sr.,27,BOS,C,13,1,110,14,30,0.467,3,14,0.214,11,16,0.688,0.517,0,0,NA,10,15,25,5,6,2,5,9,31,0,NA,2026-01-27
436,Dereck Lively II,21,DAL,C,7,4,115,11,18,0.611,0,0,NA,11,18,0.611,0.611,8,10,0.8,14,23,37,13,4,11,10,21,30,0,NA,2026-01-27
437,Alijah Martin,24,TOR,SG,10,0,88,9,26,0.346,2,11,0.182,7,15,0.467,0.385,10,12,0.833,6,6,12,8,5,3,3,9,30,0,NA,2026-01-27
438,Jonathan Mogbo,24,TOR,PF,20,0,136,14,27,0.519,0,0,NA,14,27,0.519,0.519,2,5,0.4,12,25,37,10,2,4,5,13,30,0,NA,2026-01-27
439,Brooks Barnhizer,23,OKC,SG,24,0,182,12,28,0.429,1,6,0.167,11,22,0.5,0.446,4,6,0.667,8,34,42,9,5,2,5,14,29,0,NA,2026-01-27
440,Miles Kelly,23,DAL,PG,9,0,77,11,28,0.393,7,22,0.318,4,6,0.667,0.518,0,0,NA,4,8,12,5,2,0,3,8,29,0,NA,2026-01-27
441,Kevin McCullar Jr.,24,NYK,SF,12,0,87,10,23,0.435,6,14,0.429,4,9,0.444,0.565,2,5,0.4,8,12,20,15,4,0,8,14,28,0,NA,2026-01-27
442,Luke Travers,24,CLE,SG,12,0,103,9,36,0.25,1,16,0.063,8,20,0.4,0.264,9,9,1,9,15,24,9,7,4,3,6,28,0,NA,2026-01-27
443,Mason Plumlee,35,CHO,C,14,2,125,9,12,0.75,0,0,NA,9,12,0.75,0.75,8,12,0.667,10,30,40,16,6,0,9,10,26,0,NA,2026-01-27
444,Tolu Smith,25,DET,PF,5,0,55,7,15,0.467,0,0,NA,7,15,0.467,0.467,12,15,0.8,10,18,28,4,2,5,4,7,26,0,NA,2026-01-27
445,Khaman Maluach,19,PHO,C,19,0,87,8,20,0.4,0,5,0,8,15,0.533,0.4,9,10,0.9,6,13,19,3,1,7,9,15,25,0,NA,2026-01-27
446,Doug McDermott,34,SAC,SF,7,0,70,8,23,0.348,8,23,0.348,0,0,NA,0.522,0,0,NA,0,5,5,2,0,1,3,5,24,0,NA,2026-01-27
447,Caleb Houstan,23,ATL,SF,10,0,49,7,15,0.467,6,12,0.5,1,3,0.333,0.667,3,3,1,4,1,5,2,1,1,4,6,23,0,NA,2026-01-27
448,Thanasis Antetokounmpo,33,MIL,SF,14,0,43,8,14,0.571,0,1,0,8,13,0.615,0.571,6,9,0.667,3,3,6,1,6,3,3,8,22,0,NA,2026-01-27
449,Mark Sears,23,MIL,PG,7,0,26,6,13,0.462,4,8,0.5,2,5,0.4,0.615,6,8,0.75,1,1,2,2,0,0,4,4,22,0,NA,2026-01-27
450,Kam Jones,23,IND,SG,13,0,88,10,28,0.357,1,10,0.1,9,18,0.5,0.375,0,2,0,3,6,9,11,3,0,3,4,21,0,NA,2026-01-27
451,Antonio Reeves,25,CHO,SG,7,0,56,8,16,0.5,5,10,0.5,3,6,0.5,0.656,0,0,NA,1,4,5,2,1,0,0,3,21,0,NA,2026-01-27
452,Adou Thiero,21,LAL,SF,15,0,87,7,18,0.389,0,1,0,7,17,0.412,0.389,6,8,0.75,7,11,18,5,5,1,4,15,20,0,NA,2026-01-27
453,Matisse Thybulle,28,POR,SG,4,0,49,6,10,0.6,4,6,0.667,2,4,0.5,0.8,4,4,1,0,4,4,3,10,0,1,7,20,0,NA,2026-01-27
454,Amari Williams,24,BOS,PF,11,1,88,6,12,0.5,0,0,NA,6,12,0.5,0.5,8,12,0.667,5,15,20,4,2,8,4,13,20,0,NA,2026-01-27
455,Mac McClung,27,IND,SG,3,0,34,7,18,0.389,2,10,0.2,5,8,0.625,0.444,3,4,0.75,0,4,4,1,5,1,2,6,19,0,NA,2026-01-27
456,Chris Boucher,33,BOS,PF,8,0,91,7,22,0.318,1,12,0.083,6,10,0.6,0.341,3,4,0.75,2,16,18,3,5,7,1,16,18,0,NA,2026-01-27
457,Monte Morris,30,IND,PG,6,0,65,7,20,0.35,2,8,0.25,5,12,0.417,0.4,2,4,0.5,1,6,7,9,1,1,2,3,18,0,NA,2026-01-27
458,Javonte Cooke,26,POR,SG,10,0,65,7,27,0.259,3,15,0.2,4,12,0.333,0.315,0,0,NA,2,8,10,7,5,0,5,3,17,0,NA,2026-01-27
459,Elijah Harkless,25,UTA,SG,7,0,66,4,11,0.364,2,7,0.286,2,4,0.5,0.455,7,9,0.778,2,4,6,5,4,0,3,10,17,0,NA,2026-01-27
460,Bobi Klintman,22,DET,SF,7,0,56,7,21,0.333,3,11,0.273,4,10,0.4,0.405,0,3,0,5,11,16,4,2,0,5,10,17,0,NA,2026-01-27
461,E.J. Liddell,25,BRK,PF,9,0,39,6,13,0.462,3,9,0.333,3,4,0.75,0.577,2,3,0.667,3,6,9,0,1,0,0,4,17,0,NA,2026-01-27
462,Emanuel Miller,25,CHI,PF,5,0,33,6,13,0.462,2,6,0.333,4,7,0.571,0.538,1,2,0.5,1,2,3,4,2,0,0,2,15,0,NA,2026-01-27
463,Trey Alexander,22,NOP,SG,5,0,42,6,9,0.667,2,3,0.667,4,6,0.667,0.778,0,0,NA,0,4,4,5,1,1,1,4,14,0,NA,2026-01-27
464,Seth Curry,35,GSW,SG,2,0,32,6,9,0.667,2,4,0.5,4,5,0.8,0.778,0,0,NA,1,3,4,3,2,0,0,3,14,0,NA,2026-01-27
465,TyTy Washington Jr.,24,LAC,PG,2,0,22,6,9,0.667,2,4,0.5,4,5,0.8,0.778,0,0,NA,0,1,1,3,2,1,0,0,14,0,NA,2026-01-27
466,Ron Harper Jr.,25,BOS,SF,7,0,35,5,16,0.313,3,12,0.25,2,4,0.5,0.406,0,0,NA,3,3,6,4,1,3,1,3,13,0,NA,2026-01-27
467,James Wiseman,24,IND,C,4,1,58,6,10,0.6,0,0,NA,6,10,0.6,0.6,1,2,0.5,5,3,8,3,0,1,5,10,13,0,NA,2026-01-27
468,Kobe Bufkin,22,LAL,SG,4,0,45,4,11,0.364,2,7,0.286,2,4,0.5,0.455,2,2,1,1,4,5,2,1,3,1,3,12,0,NA,2026-01-27
469,Tyson Etienne,26,BRK,PG,8,0,34,4,15,0.267,4,13,0.308,0,2,0,0.4,0,0,NA,0,0,0,1,0,0,1,5,12,0,NA,2026-01-27
470,Patrick Baldwin Jr.,23,LAC,SF,2,0,12,3,4,0.75,2,3,0.667,1,1,1,1,2,2,1,0,1,1,0,0,0,1,2,10,0,NA,2026-01-27
471,Johni Broome,23,PHI,C,7,0,40,4,20,0.2,0,3,0,4,17,0.235,0.2,2,4,0.5,6,7,13,4,2,0,2,5,10,0,NA,2026-01-27
472,Joe Ingles,38,MIN,SF,15,0,64,3,6,0.5,2,5,0.4,1,1,1,0.667,2,2,1,0,5,5,13,7,0,6,6,10,0,NA,2026-01-27
473,Jahmir Young,25,MIA,PG,5,0,24,4,11,0.364,2,5,0.4,2,6,0.333,0.455,0,0,NA,0,2,2,4,1,0,2,3,10,0,NA,2026-01-27
474,Bismack Biyombo,33,SAS,C,11,1,65,4,6,0.667,0,0,NA,4,6,0.667,0.667,1,2,0.5,2,5,7,3,3,1,3,10,9,0,NA,2026-01-27
475,Curtis Jones,24,DEN,SG,6,0,31,4,14,0.286,1,9,0.111,3,5,0.6,0.321,0,0,NA,1,4,5,3,0,0,1,3,9,0,NA,2026-01-27
476,DeAndre Jordan,37,NOP,C,2,1,23,4,5,0.8,0,0,NA,4,5,0.8,0.8,1,2,0.5,4,6,10,0,0,0,1,1,9,0,NA,2026-01-27
477,Chris Livingston,22,CLE,SF,3,0,17,4,7,0.571,0,3,0,4,4,1,0.571,1,1,1,0,3,3,1,1,0,0,4,9,0,NA,2026-01-27
478,Riley Minix,25,SAS,SF,3,0,8,4,6,0.667,1,3,0.333,3,3,1,0.75,0,0,NA,1,1,2,1,1,0,0,1,9,0,NA,2026-01-27
479,Brandon Clarke,29,MEM,PF,2,2,20,3,9,0.333,0,0,NA,3,9,0.333,0.333,2,4,0.5,4,2,6,1,2,0,0,5,8,0,NA,2026-01-27
480,Pacome Dadiet,20,NYK,SG,18,0,57,2,9,0.222,0,5,0,2,4,0.5,0.222,4,4,1,1,10,11,8,2,0,0,3,8,0,NA,2026-01-27
481,Jacob Toppin,25,ATL,SF,5,0,17,4,6,0.667,0,0,NA,4,6,0.667,0.667,0,0,NA,0,1,1,1,0,1,0,1,8,0,NA,2026-01-27
482,Charles Bassey,25,MEM,C,2,0,31,3,8,0.375,0,0,NA,3,8,0.375,0.375,1,3,0.333,7,8,15,2,1,1,1,5,7,0,NA,2026-01-27
483,Trey Jemison,26,NYK,C,6,0,38,3,3,1,0,0,NA,3,3,1,1,1,1,1,5,5,10,1,0,2,3,6,7,0,NA,2026-01-27
484,Cody Martin,30,IND,SF,4,0,55,2,10,0.2,0,5,0,2,5,0.4,0.2,3,6,0.5,1,13,14,2,4,2,4,5,7,0,NA,2026-01-27
485,Orlando Robinson,25,ORL,C,4,1,25,3,5,0.6,1,2,0.5,2,3,0.667,0.7,0,0,NA,2,2,4,3,1,0,0,3,7,0,NA,2026-01-27
486,Hunter Sallis,22,PHI,SG,7,0,26,3,5,0.6,0,0,NA,3,5,0.6,0.6,1,2,0.5,0,1,1,4,0,1,5,2,7,0,NA,2026-01-27
487,LJ Cryer,24,GSW,PG,3,0,8,2,5,0.4,2,4,0.5,0,1,0,0.6,0,0,NA,0,1,1,0,0,0,0,1,6,0,NA,2026-01-27
488,Malevy Leons,26,GSW,SF,3,0,14,2,5,0.4,0,1,0,2,4,0.5,0.4,2,2,1,2,6,8,1,1,0,1,1,6,0,NA,2026-01-27
489,Kyle Lowry,39,PHI,PG,6,0,45,2,8,0.25,2,8,0.25,0,0,NA,0.375,0,0,NA,0,3,3,7,1,0,2,3,6,0,NA,2026-01-27
490,Jahmai Mashack,23,MEM,SG,7,0,25,2,8,0.25,2,6,0.333,0,2,0,0.375,0,0,NA,0,5,5,2,1,0,3,1,6,0,NA,2026-01-27
491,Wendell Moore Jr.,24,DET,SG,3,0,43,3,6,0.5,0,1,0,3,5,0.6,0.5,0,0,NA,1,3,4,3,2,1,1,1,6,0,NA,2026-01-27
492,Harrison Ingram,23,SAS,SF,3,0,11,2,3,0.667,1,1,1,1,2,0.5,0.833,0,0,NA,3,0,3,0,0,0,0,2,5,0,NA,2026-01-27
493,Drew Peterson,26,CHO,PF,6,0,64,2,16,0.125,0,12,0,2,4,0.5,0.125,1,2,0.5,3,6,9,2,3,1,0,3,5,0,NA,2026-01-27
494,Dario Šarić,31,SAC,C,5,0,41,1,6,0.167,1,3,0.333,0,3,0,0.25,2,2,1,1,5,6,2,0,0,2,3,5,0,NA,2026-01-27
495,Isaac Jones,25,2TM,PF,4,1,18,2,4,0.5,0,2,0,2,2,1,0.5,1,2,0.5,2,0,2,1,0,0,0,4,5,0,NA,2026-01-27
495,Isaac Jones,25,SAC,PF,3,1,17,1,2,0.5,0,1,0,1,1,1,0.5,1,2,0.5,2,0,2,1,0,0,0,4,3,0,NA,2026-01-27
495,Isaac Jones,25,DET,PF,1,0,1,1,2,0.5,0,1,0,1,1,1,0.5,0,0,NA,0,0,0,0,0,0,0,0,2,0,NA,2026-01-27
496,Koby Brea,23,PHO,SG,2,0,8,1,3,0.333,0,2,0,1,1,1,0.333,2,2,1,0,1,1,2,0,0,0,0,4,0,NA,2026-01-27
497,Trentyn Flowers,20,CHI,SF,2,0,6,2,3,0.667,0,1,0,2,2,1,0.667,0,0,NA,1,0,1,1,0,0,1,1,4,0,NA,2026-01-27
498,Lachlan Olbrich,22,CHI,C,11,0,74,2,9,0.222,0,4,0,2,5,0.4,0.222,0,2,0,7,15,22,9,0,0,4,16,4,0,NA,2026-01-27
499,Garrett Temple,39,TOR,SG,12,0,33,1,7,0.143,1,5,0.2,0,2,0,0.214,1,2,0.5,0,4,4,4,3,1,3,2,4,0,NA,2026-01-27
500,Sharife Cooper,24,WAS,PG,5,0,19,1,2,0.5,1,2,0.5,0,0,NA,0.75,0,0,NA,0,0,0,1,1,0,2,2,3,0,NA,2026-01-27
501,N'Faly Dante,24,ATL,C,4,0,15,1,4,0.25,0,0,NA,1,4,0.25,0.25,1,1,1,3,4,7,0,2,0,1,1,3,0,NA,2026-01-27
502,Hunter Dickinson,25,NOP,C,1,0,5,1,2,0.5,0,0,NA,1,2,0.5,0.5,0,0,NA,0,0,0,0,0,1,2,2,2,0,NA,2026-01-27
503,Colby Jones,23,DET,SG,1,0,7,1,3,0.333,0,2,0,1,1,1,0.333,0,0,NA,0,4,4,2,0,0,0,1,2,0,NA,2026-01-27
504,Daeqwon Plowden,27,SAC,SG,1,0,14,1,5,0.2,0,3,0,1,2,0.5,0.2,0,0,NA,2,0,2,0,0,0,0,0,2,0,NA,2026-01-27
505,Oscar Tshiebwe,26,UTA,C,1,0,15,1,4,0.25,0,0,NA,1,4,0.25,0.25,0,1,0,2,4,6,1,1,0,0,2,2,0,NA,2026-01-27
506,Jahmyl Telfort,24,LAC,PF,8,0,32,0,4,0,0,4,0,0,0,NA,0,1,4,0.25,0,3,3,1,1,0,1,5,1,0,NA,2026-01-27
507,Mo Bamba,27,TOR,C,2,0,6,0,2,0,0,0,NA,0,2,0,0,0,0,NA,1,1,2,0,0,1,0,2,0,0,NA,2026-01-27
508,Isaiah Crawford,24,HOU,SF,2,0,5,0,1,0,0,1,0,0,0,NA,0,0,0,NA,0,0,0,0,0,0,0,0,0,0,NA,2026-01-27
509,Noa Essengue,19,CHI,PF,2,0,6,0,3,0,0,2,0,0,1,0,0,0,0,NA,0,0,0,0,1,0,0,1,0,0,NA,2026-01-27
510,Tosan Evbuomwan,24,NYK,SF,5,0,8,0,1,0,0,0,NA,0,1,0,0,0,0,NA,1,1,2,0,0,0,0,1,0,0,NA,2026-01-27
511,Vladislav Goldin,24,MIA,C,1,0,1,0,0,NA,0,0,NA,0,0,NA,NA,0,0,NA,0,0,0,1,0,0,0,0,0,0,NA,2026-01-27
512,Chucky Hepburn,22,TOR,PG,2,0,13,0,6,0,0,5,0,0,1,0,0,0,0,NA,0,1,1,2,1,0,1,2,0,0,NA,2026-01-27
513,Chris Mañon,24,LAL,SG,4,0,14,0,1,0,0,1,0,0,0,NA,0,0,0,NA,1,2,3,0,1,2,0,3,0,0,NA,2026-01-27
NA,League Average,NA,,,NA,NA,NA,NA,NA,0.469,NA,NA,0.359,NA,NA,0.547,0.543,NA,NA,0.785,NA,NA,NA,NA,NA,NA,NA,NA,NA,NA,NA,2026-01-27
